article_id,section,topic,paywall_type,publish_date
a_00001,lifestyle,familie,premium,2024-12-20
a_00002,technologie,ki,metered,2025-06-06
a_00003,sport,tennis,metered,2025-10-20
a_00004,lifestyle,reisen,metered,2024-12-15
a_00005,meinung,gastkommentar,metered,2024-11-12
a_00006,sport,ski,free,2025-06-01
a_00007,politik,bundesrat,metered,2026-04-27
a_00008,politik,nahost,metered,2025-11-01
a_00009,meinung,kolumne,metered,2025-09-14
a_00010,politik,bundesrat,metered,2025-09-27
a_00011,politik,abstimmungen,free,2025-09-27
a_00012,feuilleton,musik,free,2026-03-30
a_00013,meinung,kolumne,metered,2025-05-13
a_00014,technologie,climate_tech,free,2025-04-14
a_00015,international,europa,metered,2025-04-21
a_00016,technologie,ki,free,2025-10-12
a_00017,international,afrika,metered,2025-04-12
a_00018,feuilleton,film,free,2026-06-16
a_00019,technologie,climate_tech,metered,2025-12-24
a_00020,politik,usa_politics,premium,2025-05-10
a_00021,wirtschaft,boerse,premium,2025-04-08
a_00022,technologie,climate_tech,metered,2025-07-23
a_00023,feuilleton,theater,free,2026-04-07
a_00024,meinung,leitartikel,metered,2026-06-27
a_00025,international,afrika,metered,2025-09-20
a_00026,lifestyle,gesundheit,metered,2025-01-27
a_00027,feuilleton,literatur,premium,2024-11-26
a_00028,technologie,gadgets,metered,2025-10-15
a_00029,international,klima,premium,2025-11-14
a_00030,wirtschaft,immobilien,metered,2025-06-13
a_00031,meinung,gastkommentar,metered,2026-04-24
a_00032,technologie,gadgets,free,2024-11-29
a_00033,technologie,gadgets,free,2025-05-06
a_00034,sport,tennis,free,2026-02-05
a_00035,sport,eishockey,premium,2025-03-28
a_00036,meinung,gastkommentar,metered,2025-03-01
a_00037,sport,tennis,premium,2026-01-18
a_00038,feuilleton,kunst,premium,2026-04-26
a_00039,lifestyle,reisen,metered,2025-02-20
a_00040,lifestyle,gesundheit,premium,2025-07-12
a_00041,technologie,climate_tech,metered,2026-06-15
a_00042,wirtschaft,makro,premium,2025-01-27
a_00043,meinung,gastkommentar,metered,2025-01-24
a_00044,wirtschaft,boerse,metered,2025-03-30
a_00045,wirtschaft,unternehmen,metered,2025-08-19
a_00046,wirtschaft,immobilien,premium,2026-03-21
a_00047,wirtschaft,immobilien,premium,2025-07-23
a_00048,lifestyle,reisen,free,2025-06-15
a_00049,meinung,gastkommentar,free,2026-03-31
a_00050,technologie,gadgets,metered,2025-04-05
a_00051,international,asien,premium,2025-06-11
a_00052,feuilleton,kunst,free,2025-04-01
a_00053,wirtschaft,unternehmen,metered,2025-01-06
a_00054,wirtschaft,unternehmen,metered,2025-10-20
a_00055,politik,abstimmungen,premium,2026-06-12
a_00056,politik,usa_politics,premium,2025-04-05
a_00057,meinung,leitartikel,metered,2024-12-14
a_00058,technologie,startups,metered,2026-05-22
a_00059,feuilleton,kunst,premium,2025-01-04
a_00060,meinung,kolumne,metered,2024-11-30
a_00061,wirtschaft,boerse,metered,2026-01-22
a_00062,technologie,cybersecurity,premium,2025-02-03
a_00063,technologie,cybersecurity,metered,2026-06-28
a_00064,technologie,cybersecurity,premium,2025-07-19
a_00065,meinung,gastkommentar,metered,2025-12-12
a_00066,lifestyle,reisen,metered,2025-03-07
a_00067,politik,usa_politics,premium,2025-03-09
a_00068,sport,fussball,metered,2026-02-16
a_00069,politik,eu,premium,2025-09-06
a_00070,lifestyle,familie,premium,2026-05-11
a_00071,politik,nahost,free,2026-05-14
a_00072,sport,olympia,metered,2025-10-31
a_00073,wirtschaft,immobilien,metered,2026-02-17
a_00074,technologie,startups,premium,2026-04-03
a_00075,sport,olympia,premium,2025-10-20
a_00076,meinung,leitartikel,metered,2026-03-01
a_00077,international,klima,metered,2024-11-17
a_00078,international,europa,metered,2025-02-05
a_00079,sport,fussball,metered,2025-08-15
a_00080,feuilleton,literatur,metered,2024-12-18
a_00081,feuilleton,film,premium,2025-08-08
a_00082,technologie,climate_tech,metered,2025-11-17
a_00083,international,asien,free,2025-06-12
a_00084,meinung,kolumne,metered,2026-06-20
a_00085,meinung,gastkommentar,free,2026-04-14
a_00086,international,klima,metered,2026-03-20
a_00087,wirtschaft,immobilien,premium,2026-01-07
a_00088,politik,abstimmungen,metered,2025-11-10
a_00089,politik,eu,premium,2025-12-07
a_00090,meinung,kolumne,metered,2025-01-07
a_00091,international,asien,metered,2026-05-24
a_00092,wirtschaft,makro,metered,2026-02-17
a_00093,technologie,climate_tech,metered,2025-04-25
a_00094,international,europa,metered,2025-12-20
a_00095,international,klima,free,2025-07-09
a_00096,lifestyle,gesundheit,metered,2026-05-21
a_00097,feuilleton,literatur,free,2025-09-21
a_00098,technologie,gadgets,metered,2026-01-05
a_00099,meinung,kolumne,metered,2025-02-23
a_00100,sport,fussball,premium,2025-01-02
a_00101,technologie,ki,metered,2026-05-01
a_00102,technologie,ki,premium,2025-11-05
a_00103,lifestyle,essen,metered,2025-12-09
a_00104,meinung,kolumne,metered,2025-07-04
a_00105,technologie,cybersecurity,free,2025-11-18
a_00106,feuilleton,theater,free,2025-07-14
a_00107,sport,fussball,metered,2025-11-22
a_00108,lifestyle,familie,metered,2025-11-20
a_00109,lifestyle,reisen,metered,2025-03-15
a_00110,meinung,leitartikel,free,2026-05-01
a_00111,meinung,kolumne,metered,2026-05-28
a_00112,feuilleton,musik,free,2026-02-05
a_00113,sport,eishockey,premium,2024-11-13
a_00114,technologie,gadgets,metered,2024-11-14
a_00115,politik,eu,metered,2026-03-04
a_00116,politik,nahost,metered,2025-01-29
a_00117,meinung,gastkommentar,metered,2026-06-17
a_00118,technologie,ki,free,2025-06-09
a_00119,international,amerika,metered,2025-02-15
a_00120,sport,olympia,premium,2025-12-21
a_00121,politik,usa_politics,premium,2025-12-22
a_00122,technologie,climate_tech,metered,2025-11-20
a_00123,feuilleton,musik,metered,2026-02-10
a_00124,wirtschaft,makro,metered,2025-09-02
a_00125,meinung,kolumne,metered,2025-05-11
a_00126,technologie,ki,premium,2025-07-20
a_00127,politik,abstimmungen,free,2025-11-18
a_00128,technologie,cybersecurity,free,2026-02-23
a_00129,meinung,gastkommentar,free,2025-07-21
a_00130,technologie,cybersecurity,premium,2024-12-29
a_00131,technologie,cybersecurity,metered,2025-07-02
a_00132,sport,olympia,metered,2025-10-28
a_00133,feuilleton,literatur,metered,2026-02-13
a_00134,technologie,gadgets,free,2026-03-06
a_00135,wirtschaft,banken,free,2026-02-23
a_00136,meinung,gastkommentar,premium,2025-04-15
a_00137,lifestyle,familie,metered,2024-11-15
a_00138,wirtschaft,immobilien,metered,2025-03-03
a_00139,politik,usa_politics,metered,2025-01-12
a_00140,politik,nahost,metered,2025-12-14
a_00141,meinung,kolumne,premium,2025-04-14
a_00142,sport,olympia,free,2025-02-15
a_00143,technologie,gadgets,metered,2025-09-24
a_00144,lifestyle,reisen,metered,2025-08-24
a_00145,international,afrika,metered,2026-01-02
a_00146,feuilleton,film,metered,2026-05-15
a_00147,politik,eu,premium,2024-12-21
a_00148,technologie,gadgets,premium,2024-12-07
a_00149,politik,bundesrat,free,2026-03-11
a_00150,technologie,gadgets,free,2026-05-06
a_00151,feuilleton,kunst,metered,2025-05-23
a_00152,feuilleton,film,premium,2025-02-24
a_00153,politik,usa_politics,metered,2025-05-01
a_00154,politik,usa_politics,premium,2025-08-20
a_00155,wirtschaft,boerse,premium,2024-11-08
a_00156,sport,ski,free,2025-01-20
a_00157,feuilleton,literatur,free,2024-11-22
a_00158,sport,eishockey,free,2026-01-05
a_00159,politik,nahost,premium,2025-07-29
a_00160,wirtschaft,unternehmen,metered,2026-06-29
a_00161,technologie,cybersecurity,premium,2025-07-28
a_00162,lifestyle,reisen,metered,2025-05-03
a_00163,technologie,cybersecurity,metered,2025-05-06
a_00164,international,europa,free,2026-05-16
a_00165,technologie,cybersecurity,free,2025-02-23
a_00166,politik,usa_politics,premium,2026-01-18
a_00167,technologie,ki,metered,2026-04-18
a_00168,wirtschaft,makro,premium,2026-06-10
a_00169,lifestyle,familie,metered,2024-12-22
a_00170,technologie,cybersecurity,metered,2025-12-13
a_00171,lifestyle,familie,metered,2026-03-08
a_00172,international,amerika,free,2025-12-19
a_00173,technologie,climate_tech,metered,2026-03-26
a_00174,international,amerika,premium,2026-05-27
a_00175,meinung,kolumne,metered,2026-04-19
a_00176,international,klima,metered,2026-01-16
a_00177,politik,abstimmungen,metered,2025-02-26
a_00178,sport,eishockey,premium,2026-03-30
a_00179,lifestyle,familie,premium,2025-12-21
a_00180,international,asien,metered,2025-04-22
a_00181,lifestyle,familie,metered,2025-11-28
a_00182,feuilleton,film,metered,2025-02-11
a_00183,technologie,gadgets,premium,2026-03-22
a_00184,politik,abstimmungen,premium,2025-11-24
a_00185,politik,usa_politics,metered,2025-11-26
a_00186,technologie,ki,metered,2025-04-03
a_00187,feuilleton,theater,premium,2025-01-31
a_00188,meinung,leitartikel,free,2025-07-19
a_00189,wirtschaft,banken,free,2025-06-01
a_00190,lifestyle,familie,metered,2026-04-04
a_00191,politik,bundesrat,metered,2026-06-21
a_00192,meinung,gastkommentar,free,2025-11-19
a_00193,technologie,startups,metered,2026-02-27
a_00194,lifestyle,essen,premium,2026-05-27
a_00195,feuilleton,theater,metered,2026-01-20
a_00196,feuilleton,theater,free,2025-06-04
a_00197,meinung,gastkommentar,metered,2025-03-22
a_00198,feuilleton,kunst,metered,2025-04-20
a_00199,technologie,ki,free,2025-05-10
a_00200,lifestyle,gesundheit,free,2025-03-10
a_00201,lifestyle,gesundheit,premium,2025-12-16
a_00202,sport,olympia,metered,2026-06-16
a_00203,technologie,gadgets,metered,2025-04-06
a_00204,wirtschaft,banken,metered,2025-07-19
a_00205,wirtschaft,immobilien,metered,2026-05-26
a_00206,sport,eishockey,metered,2026-05-13
a_00207,wirtschaft,makro,metered,2024-11-16
a_00208,lifestyle,essen,metered,2025-05-29
a_00209,feuilleton,film,free,2025-05-31
a_00210,international,klima,metered,2025-04-24
a_00211,sport,olympia,metered,2026-05-26
a_00212,lifestyle,essen,premium,2026-02-11
a_00213,politik,bundesrat,premium,2024-12-10
a_00214,technologie,gadgets,premium,2025-11-11
a_00215,sport,fussball,metered,2025-10-17
a_00216,lifestyle,reisen,metered,2025-09-15
a_00217,wirtschaft,immobilien,metered,2026-01-13
a_00218,wirtschaft,banken,metered,2025-07-26
a_00219,lifestyle,reisen,premium,2026-01-07
a_00220,meinung,kolumne,metered,2025-08-11
a_00221,meinung,gastkommentar,metered,2026-05-28
a_00222,meinung,gastkommentar,premium,2026-03-22
a_00223,feuilleton,musik,metered,2024-12-03
a_00224,international,asien,metered,2025-02-01
a_00225,meinung,kolumne,metered,2025-07-01
a_00226,politik,abstimmungen,metered,2024-12-01
a_00227,feuilleton,musik,metered,2024-12-13
a_00228,international,europa,metered,2024-11-04
a_00229,sport,tennis,premium,2026-05-01
a_00230,technologie,cybersecurity,free,2025-08-28
a_00231,politik,usa_politics,metered,2026-02-18
a_00232,politik,abstimmungen,free,2026-03-12
a_00233,wirtschaft,banken,metered,2025-02-09
a_00234,meinung,kolumne,metered,2025-12-13
a_00235,meinung,kolumne,metered,2025-11-11
a_00236,politik,eu,metered,2026-06-25
a_00237,international,klima,metered,2026-04-15
a_00238,meinung,gastkommentar,metered,2025-11-06
a_00239,feuilleton,musik,metered,2025-12-16
a_00240,sport,tennis,metered,2025-09-06
a_00241,meinung,kolumne,premium,2025-10-21
a_00242,lifestyle,reisen,free,2025-10-20
a_00243,politik,eu,metered,2026-04-21
a_00244,meinung,gastkommentar,metered,2026-04-20
a_00245,meinung,gastkommentar,premium,2025-03-15
a_00246,lifestyle,reisen,metered,2024-11-09
a_00247,feuilleton,literatur,metered,2025-04-08
a_00248,feuilleton,theater,premium,2025-08-11
a_00249,lifestyle,gesundheit,metered,2025-03-14
a_00250,lifestyle,essen,premium,2025-07-08
a_00251,lifestyle,familie,free,2025-07-22
a_00252,lifestyle,reisen,metered,2026-06-02
a_00253,politik,usa_politics,metered,2025-07-25
a_00254,technologie,climate_tech,free,2025-02-22
a_00255,technologie,startups,metered,2025-07-07
a_00256,feuilleton,kunst,free,2024-11-16
a_00257,sport,ski,metered,2024-11-18
a_00258,international,klima,premium,2025-11-19
a_00259,wirtschaft,makro,premium,2025-04-02
a_00260,lifestyle,essen,metered,2025-11-15
a_00261,feuilleton,film,free,2024-11-23
a_00262,lifestyle,essen,premium,2025-05-13
a_00263,meinung,kolumne,metered,2025-10-15
a_00264,politik,abstimmungen,metered,2025-09-24
a_00265,politik,nahost,premium,2025-10-27
a_00266,lifestyle,essen,metered,2025-10-29
a_00267,lifestyle,reisen,metered,2025-05-15
a_00268,wirtschaft,makro,premium,2025-06-03
a_00269,technologie,gadgets,metered,2025-07-06
a_00270,meinung,leitartikel,metered,2025-07-14
a_00271,politik,usa_politics,premium,2026-02-21
a_00272,technologie,startups,metered,2025-01-26
a_00273,wirtschaft,makro,premium,2025-10-07
a_00274,sport,ski,metered,2026-02-12
a_00275,politik,bundesrat,premium,2025-05-27
a_00276,wirtschaft,immobilien,metered,2025-06-25
a_00277,international,europa,metered,2025-12-17
a_00278,meinung,leitartikel,metered,2025-11-27
a_00279,technologie,ki,premium,2025-10-03
a_00280,feuilleton,film,premium,2025-07-17
a_00281,politik,nahost,metered,2024-11-29
a_00282,meinung,kolumne,premium,2025-02-07
a_00283,wirtschaft,makro,metered,2025-08-23
a_00284,politik,usa_politics,premium,2025-12-31
a_00285,sport,fussball,free,2025-03-03
a_00286,sport,olympia,free,2025-07-12
a_00287,politik,bundesrat,metered,2025-03-30
a_00288,meinung,leitartikel,premium,2025-02-21
a_00289,sport,eishockey,free,2026-05-01
a_00290,international,amerika,metered,2026-05-21
a_00291,politik,abstimmungen,free,2026-06-21
a_00292,sport,ski,free,2026-04-27
a_00293,lifestyle,essen,metered,2025-07-04
a_00294,sport,eishockey,free,2026-01-16
a_00295,wirtschaft,makro,premium,2025-04-22
a_00296,international,asien,premium,2025-10-16
a_00297,feuilleton,film,metered,2025-04-03
a_00298,international,europa,metered,2025-11-15
a_00299,lifestyle,familie,premium,2025-07-15
a_00300,technologie,gadgets,metered,2025-06-07
a_00301,lifestyle,essen,free,2024-12-23
a_00302,meinung,leitartikel,metered,2025-04-09
a_00303,technologie,climate_tech,metered,2025-07-26
a_00304,feuilleton,literatur,metered,2025-10-26
a_00305,politik,bundesrat,metered,2026-03-23
a_00306,meinung,gastkommentar,premium,2026-01-24
a_00307,lifestyle,essen,metered,2025-09-28
a_00308,lifestyle,familie,metered,2025-08-28
a_00309,lifestyle,gesundheit,metered,2025-08-12
a_00310,international,amerika,metered,2026-04-28
a_00311,meinung,gastkommentar,metered,2026-03-24
a_00312,wirtschaft,boerse,free,2025-06-24
a_00313,wirtschaft,banken,metered,2025-10-09
a_00314,feuilleton,film,metered,2025-06-17
a_00315,international,afrika,free,2025-10-10
a_00316,international,asien,metered,2025-07-17
a_00317,technologie,climate_tech,metered,2026-03-31
a_00318,lifestyle,gesundheit,free,2026-01-02
a_00319,feuilleton,theater,premium,2025-02-14
a_00320,technologie,climate_tech,metered,2024-11-17
a_00321,wirtschaft,makro,free,2026-06-06
a_00322,politik,abstimmungen,premium,2025-06-03
a_00323,technologie,gadgets,metered,2025-01-31
a_00324,technologie,startups,premium,2026-01-25
a_00325,meinung,kolumne,metered,2025-08-15
a_00326,sport,ski,metered,2025-10-03
a_00327,meinung,gastkommentar,metered,2025-11-22
a_00328,feuilleton,musik,premium,2025-05-08
a_00329,feuilleton,literatur,premium,2025-10-11
a_00330,feuilleton,film,metered,2025-12-04
a_00331,feuilleton,kunst,premium,2025-11-08
a_00332,feuilleton,musik,free,2026-05-01
a_00333,wirtschaft,banken,metered,2025-06-26
a_00334,meinung,gastkommentar,metered,2025-09-03
a_00335,sport,ski,metered,2026-01-30
a_00336,wirtschaft,boerse,metered,2026-01-23
a_00337,international,europa,metered,2026-06-28
a_00338,meinung,gastkommentar,free,2025-03-01
a_00339,wirtschaft,makro,metered,2026-05-13
a_00340,politik,nahost,free,2025-08-15
a_00341,politik,eu,metered,2025-03-11
a_00342,sport,tennis,metered,2025-04-26
a_00343,wirtschaft,banken,free,2025-06-02
a_00344,international,europa,metered,2026-06-26
a_00345,sport,eishockey,free,2025-01-06
a_00346,technologie,ki,metered,2025-03-13
a_00347,wirtschaft,unternehmen,premium,2026-01-08
a_00348,politik,bundesrat,premium,2026-05-30
a_00349,feuilleton,theater,metered,2024-12-19
a_00350,technologie,startups,metered,2025-07-07
a_00351,lifestyle,essen,free,2025-07-07
a_00352,wirtschaft,banken,metered,2025-08-30
a_00353,feuilleton,musik,metered,2026-02-07
a_00354,sport,olympia,metered,2025-09-15
a_00355,feuilleton,kunst,premium,2025-01-24
a_00356,feuilleton,kunst,premium,2025-03-27
a_00357,international,klima,metered,2026-01-23
a_00358,international,amerika,metered,2025-03-26
a_00359,feuilleton,film,metered,2025-08-29
a_00360,politik,nahost,metered,2025-06-17
a_00361,feuilleton,theater,premium,2025-07-25
a_00362,international,amerika,metered,2026-01-27
a_00363,international,europa,metered,2025-03-28
a_00364,technologie,cybersecurity,free,2025-12-31
a_00365,technologie,climate_tech,metered,2026-02-06
a_00366,feuilleton,theater,metered,2026-06-29
a_00367,sport,eishockey,free,2025-08-02
a_00368,international,amerika,metered,2024-12-24
a_00369,wirtschaft,unternehmen,premium,2025-12-10
a_00370,sport,tennis,metered,2026-02-04
a_00371,international,europa,free,2024-11-20
a_00372,technologie,cybersecurity,free,2025-02-27
a_00373,politik,abstimmungen,metered,2025-05-28
a_00374,lifestyle,gesundheit,metered,2025-09-07
a_00375,politik,abstimmungen,free,2025-09-09
a_00376,feuilleton,musik,free,2025-02-28
a_00377,international,asien,metered,2025-03-02
a_00378,politik,usa_politics,free,2026-05-23
a_00379,wirtschaft,banken,free,2026-01-11
a_00380,lifestyle,reisen,premium,2025-09-04
a_00381,technologie,gadgets,premium,2025-05-21
a_00382,wirtschaft,unternehmen,premium,2025-08-12
a_00383,feuilleton,musik,metered,2026-06-10
a_00384,international,amerika,free,2025-05-06
a_00385,meinung,gastkommentar,metered,2025-05-20
a_00386,feuilleton,theater,premium,2025-07-31
a_00387,wirtschaft,unternehmen,metered,2025-02-23
a_00388,sport,fussball,premium,2025-01-07
a_00389,feuilleton,theater,metered,2026-04-26
a_00390,sport,tennis,premium,2025-12-21
a_00391,politik,usa_politics,premium,2025-05-24
a_00392,sport,olympia,free,2025-10-13
a_00393,wirtschaft,immobilien,metered,2025-08-29
a_00394,international,afrika,metered,2024-12-31
a_00395,feuilleton,theater,metered,2026-02-02
a_00396,wirtschaft,boerse,metered,2025-01-02
a_00397,feuilleton,musik,metered,2025-10-12
a_00398,meinung,gastkommentar,metered,2025-04-27
a_00399,technologie,ki,premium,2025-07-24
a_00400,feuilleton,literatur,metered,2025-08-15
a_00401,technologie,gadgets,premium,2025-07-23
a_00402,wirtschaft,banken,metered,2025-03-16
a_00403,wirtschaft,banken,premium,2024-12-21
a_00404,feuilleton,film,metered,2025-01-19
a_00405,technologie,startups,metered,2026-01-16
a_00406,meinung,leitartikel,premium,2024-12-29
a_00407,sport,fussball,metered,2025-09-04
a_00408,meinung,leitartikel,premium,2025-05-05
a_00409,wirtschaft,banken,metered,2025-12-28
a_00410,feuilleton,musik,metered,2025-11-18
a_00411,technologie,startups,metered,2025-02-20
a_00412,international,afrika,free,2025-12-17
a_00413,politik,eu,metered,2025-12-05
a_00414,feuilleton,film,free,2025-04-21
a_00415,international,klima,metered,2026-03-26
a_00416,lifestyle,gesundheit,metered,2025-07-26
a_00417,feuilleton,musik,free,2024-11-21
a_00418,politik,eu,free,2025-11-17
a_00419,meinung,kolumne,metered,2025-08-01
a_00420,technologie,climate_tech,free,2025-06-07
a_00421,feuilleton,film,metered,2025-08-01
a_00422,feuilleton,theater,premium,2026-06-18
a_00423,technologie,ki,free,2025-06-24
a_00424,meinung,gastkommentar,metered,2025-12-26
a_00425,feuilleton,musik,premium,2026-04-01
a_00426,lifestyle,familie,premium,2025-10-18
a_00427,international,asien,free,2026-04-25
a_00428,technologie,gadgets,premium,2025-08-30
a_00429,international,afrika,metered,2025-03-17
a_00430,feuilleton,literatur,metered,2025-08-26
a_00431,politik,usa_politics,metered,2025-01-14
a_00432,technologie,climate_tech,metered,2025-04-27
a_00433,meinung,gastkommentar,metered,2025-03-05
a_00434,sport,eishockey,free,2024-12-17
a_00435,feuilleton,theater,metered,2025-02-02
a_00436,politik,abstimmungen,metered,2026-03-24
a_00437,wirtschaft,makro,premium,2026-04-05
a_00438,technologie,cybersecurity,metered,2026-05-04
a_00439,wirtschaft,unternehmen,metered,2024-11-16
a_00440,international,amerika,free,2026-06-15
a_00441,sport,olympia,premium,2025-05-27
a_00442,politik,abstimmungen,metered,2025-07-04
a_00443,technologie,cybersecurity,free,2025-02-18
a_00444,technologie,climate_tech,metered,2026-05-29
a_00445,wirtschaft,unternehmen,metered,2026-06-30
a_00446,lifestyle,reisen,metered,2026-01-01
a_00447,technologie,cybersecurity,metered,2024-12-16
a_00448,meinung,leitartikel,metered,2025-07-15
a_00449,politik,usa_politics,metered,2025-04-19
a_00450,sport,fussball,premium,2026-05-12
a_00451,international,europa,free,2025-12-01
a_00452,wirtschaft,immobilien,free,2026-06-11
a_00453,international,klima,free,2026-03-22
a_00454,wirtschaft,makro,metered,2025-09-21
a_00455,meinung,gastkommentar,free,2025-04-21
a_00456,sport,tennis,free,2026-02-17
a_00457,politik,bundesrat,metered,2025-12-29
a_00458,technologie,cybersecurity,premium,2026-02-15
a_00459,sport,eishockey,free,2026-05-20
a_00460,feuilleton,theater,free,2025-11-05
a_00461,wirtschaft,boerse,metered,2025-12-10
a_00462,sport,ski,metered,2025-07-15
a_00463,politik,bundesrat,free,2025-08-26
a_00464,meinung,leitartikel,premium,2025-01-21
a_00465,politik,abstimmungen,metered,2025-02-25
a_00466,wirtschaft,boerse,metered,2026-06-29
a_00467,meinung,leitartikel,metered,2025-02-17
a_00468,technologie,startups,premium,2024-12-14
a_00469,sport,eishockey,free,2026-02-28
a_00470,technologie,startups,premium,2025-01-21
a_00471,international,amerika,free,2025-08-08
a_00472,meinung,kolumne,metered,2025-06-16
a_00473,lifestyle,reisen,metered,2025-07-11
a_00474,sport,fussball,metered,2025-06-30
a_00475,feuilleton,literatur,premium,2024-11-22
a_00476,feuilleton,theater,metered,2025-04-12
a_00477,feuilleton,theater,metered,2025-11-25
a_00478,meinung,kolumne,premium,2024-12-18
a_00479,wirtschaft,makro,premium,2025-04-11
a_00480,lifestyle,essen,free,2026-04-30
a_00481,wirtschaft,banken,metered,2025-12-03
a_00482,technologie,gadgets,metered,2025-09-08
a_00483,sport,olympia,metered,2025-09-28
a_00484,technologie,gadgets,free,2026-06-12
a_00485,wirtschaft,unternehmen,free,2024-11-30
a_00486,wirtschaft,unternehmen,metered,2026-04-17
a_00487,feuilleton,literatur,premium,2025-08-18
a_00488,lifestyle,essen,metered,2025-08-27
a_00489,feuilleton,kunst,metered,2025-03-20
a_00490,feuilleton,literatur,premium,2025-06-24
a_00491,wirtschaft,banken,free,2025-09-26
a_00492,wirtschaft,unternehmen,metered,2025-04-04
a_00493,lifestyle,reisen,metered,2025-06-01
a_00494,politik,eu,metered,2026-06-26
a_00495,international,amerika,metered,2026-03-11
a_00496,lifestyle,gesundheit,premium,2025-11-03
a_00497,international,amerika,metered,2025-04-27
a_00498,meinung,leitartikel,metered,2026-03-26
a_00499,technologie,startups,metered,2026-04-05
a_00500,lifestyle,essen,metered,2026-06-21
a_00501,technologie,ki,metered,2025-12-11
a_00502,meinung,gastkommentar,premium,2025-03-16
a_00503,sport,tennis,metered,2025-06-17
a_00504,lifestyle,familie,metered,2026-05-16
a_00505,feuilleton,theater,free,2025-01-02
a_00506,meinung,gastkommentar,metered,2026-02-26
a_00507,politik,abstimmungen,metered,2025-09-01
a_00508,technologie,climate_tech,premium,2025-08-03
a_00509,wirtschaft,boerse,premium,2025-02-06
a_00510,politik,eu,premium,2026-05-30
a_00511,feuilleton,theater,metered,2025-03-07
a_00512,technologie,startups,premium,2025-10-25
a_00513,lifestyle,reisen,metered,2025-10-01
a_00514,meinung,leitartikel,metered,2025-06-27
a_00515,technologie,startups,free,2025-01-28
a_00516,wirtschaft,makro,premium,2025-02-06
a_00517,politik,nahost,premium,2025-11-22
a_00518,politik,usa_politics,metered,2026-01-16
a_00519,politik,eu,metered,2025-03-28
a_00520,feuilleton,musik,free,2026-02-13
a_00521,technologie,gadgets,free,2025-12-21
a_00522,politik,abstimmungen,premium,2025-03-06
a_00523,feuilleton,film,metered,2025-06-22
a_00524,meinung,leitartikel,metered,2025-06-14
a_00525,politik,usa_politics,metered,2025-10-03
a_00526,meinung,gastkommentar,metered,2024-12-04
a_00527,sport,fussball,premium,2026-06-01
a_00528,international,klima,premium,2025-10-05
a_00529,sport,fussball,metered,2025-12-22
a_00530,meinung,kolumne,metered,2025-10-31
a_00531,lifestyle,essen,free,2025-07-01
a_00532,technologie,ki,premium,2026-03-30
a_00533,meinung,gastkommentar,premium,2025-05-16
a_00534,technologie,climate_tech,metered,2024-11-16
a_00535,sport,ski,metered,2025-10-07
a_00536,technologie,gadgets,metered,2025-01-12
a_00537,feuilleton,theater,premium,2026-03-14
a_00538,feuilleton,musik,metered,2024-11-20
a_00539,lifestyle,essen,free,2025-03-08
a_00540,sport,olympia,premium,2026-05-28
a_00541,meinung,kolumne,metered,2025-04-09
a_00542,politik,usa_politics,metered,2025-09-08
a_00543,feuilleton,musik,free,2026-04-15
a_00544,technologie,gadgets,free,2025-03-30
a_00545,meinung,leitartikel,free,2025-05-02
a_00546,feuilleton,musik,metered,2024-11-12
a_00547,politik,abstimmungen,premium,2026-03-03
a_00548,meinung,kolumne,metered,2024-12-29
a_00549,feuilleton,kunst,premium,2026-06-17
a_00550,international,asien,metered,2026-01-12
a_00551,politik,usa_politics,free,2025-05-10
a_00552,technologie,cybersecurity,metered,2025-08-19
a_00553,sport,fussball,metered,2025-09-10
a_00554,feuilleton,musik,premium,2026-01-20
a_00555,technologie,climate_tech,metered,2025-06-14
a_00556,meinung,leitartikel,metered,2025-04-10
a_00557,politik,eu,metered,2025-01-20
a_00558,meinung,gastkommentar,premium,2025-07-25
a_00559,wirtschaft,banken,metered,2025-08-20
a_00560,lifestyle,essen,free,2025-11-14
a_00561,wirtschaft,makro,metered,2026-03-22
a_00562,lifestyle,gesundheit,premium,2025-03-09
a_00563,feuilleton,literatur,metered,2025-03-16
a_00564,feuilleton,literatur,metered,2025-04-24
a_00565,politik,abstimmungen,metered,2025-02-08
a_00566,international,amerika,metered,2025-01-25
a_00567,meinung,kolumne,metered,2026-03-01
a_00568,wirtschaft,banken,free,2026-01-07
a_00569,politik,bundesrat,metered,2026-03-19
a_00570,feuilleton,musik,metered,2025-10-20
a_00571,sport,tennis,metered,2026-03-11
a_00572,politik,bundesrat,metered,2025-07-28
a_00573,feuilleton,kunst,metered,2026-04-19
a_00574,feuilleton,kunst,metered,2025-10-11
a_00575,lifestyle,gesundheit,metered,2024-11-21
a_00576,sport,olympia,premium,2025-02-12
a_00577,politik,bundesrat,metered,2025-09-10
a_00578,wirtschaft,makro,metered,2026-03-09
a_00579,lifestyle,reisen,free,2025-01-29
a_00580,politik,usa_politics,metered,2026-02-02
a_00581,wirtschaft,banken,metered,2026-04-24
a_00582,politik,usa_politics,premium,2025-02-19
a_00583,politik,bundesrat,free,2025-10-03
a_00584,international,afrika,metered,2026-04-22
a_00585,international,asien,premium,2025-05-07
a_00586,technologie,cybersecurity,metered,2025-06-28
a_00587,politik,abstimmungen,metered,2025-07-31
a_00588,technologie,cybersecurity,free,2025-08-09
a_00589,lifestyle,familie,metered,2025-05-21
a_00590,lifestyle,reisen,premium,2025-09-19
a_00591,technologie,gadgets,free,2025-04-13
a_00592,technologie,ki,metered,2026-02-25
a_00593,sport,ski,metered,2025-12-20
a_00594,politik,eu,metered,2025-02-08
a_00595,lifestyle,reisen,metered,2026-04-01
a_00596,international,klima,metered,2025-04-10
a_00597,meinung,gastkommentar,free,2025-09-18
a_00598,sport,eishockey,premium,2026-05-23
a_00599,international,klima,metered,2025-12-19
a_00600,sport,ski,free,2026-05-24
a_00601,feuilleton,literatur,premium,2025-11-01
a_00602,international,klima,premium,2026-03-07
a_00603,international,afrika,metered,2025-08-09
a_00604,wirtschaft,immobilien,premium,2025-02-11
a_00605,feuilleton,literatur,metered,2025-02-16
a_00606,feuilleton,film,premium,2025-10-28
a_00607,wirtschaft,immobilien,premium,2025-01-27
a_00608,lifestyle,reisen,metered,2025-07-29
a_00609,international,amerika,metered,2025-08-09
a_00610,meinung,gastkommentar,free,2024-12-20
a_00611,technologie,startups,free,2026-03-30
a_00612,sport,eishockey,metered,2024-12-16
a_00613,international,asien,premium,2025-05-11
a_00614,international,amerika,metered,2026-04-05
a_00615,technologie,ki,metered,2024-11-23
a_00616,international,afrika,free,2024-12-25
a_00617,wirtschaft,immobilien,metered,2026-03-28
a_00618,international,afrika,metered,2025-04-14
a_00619,sport,ski,premium,2026-05-07
a_00620,wirtschaft,banken,free,2025-01-31
a_00621,international,afrika,free,2025-02-08
a_00622,lifestyle,gesundheit,free,2025-10-16
a_00623,wirtschaft,makro,metered,2026-06-02
a_00624,technologie,ki,metered,2026-02-05
a_00625,international,europa,free,2025-11-05
a_00626,technologie,cybersecurity,metered,2025-04-10
a_00627,sport,ski,metered,2024-12-13
a_00628,politik,eu,free,2026-02-18
a_00629,sport,tennis,premium,2025-01-11
a_00630,meinung,leitartikel,premium,2025-02-15
a_00631,lifestyle,reisen,metered,2025-07-26
a_00632,wirtschaft,unternehmen,metered,2025-06-05
a_00633,wirtschaft,immobilien,metered,2026-04-11
a_00634,international,europa,free,2025-03-28
a_00635,lifestyle,familie,metered,2025-12-01
a_00636,meinung,kolumne,metered,2025-08-03
a_00637,sport,eishockey,metered,2025-03-25
a_00638,meinung,kolumne,metered,2026-06-19
a_00639,wirtschaft,boerse,metered,2026-02-26
a_00640,wirtschaft,makro,metered,2026-01-22
a_00641,meinung,kolumne,metered,2025-08-06
a_00642,sport,fussball,premium,2025-03-05
a_00643,wirtschaft,banken,free,2025-11-28
a_00644,meinung,gastkommentar,metered,2026-06-10
a_00645,technologie,startups,premium,2025-04-11
a_00646,lifestyle,essen,free,2025-12-19
a_00647,technologie,gadgets,metered,2026-04-06
a_00648,meinung,leitartikel,metered,2025-08-03
a_00649,meinung,leitartikel,metered,2024-12-19
a_00650,politik,bundesrat,premium,2026-05-11
a_00651,sport,fussball,premium,2025-01-04
a_00652,sport,olympia,metered,2026-02-07
a_00653,meinung,gastkommentar,premium,2025-08-18
a_00654,feuilleton,kunst,metered,2026-01-17
a_00655,technologie,startups,premium,2026-01-03
a_00656,meinung,kolumne,premium,2025-03-02
a_00657,feuilleton,kunst,metered,2024-12-30
a_00658,sport,fussball,free,2025-01-17
a_00659,technologie,gadgets,metered,2025-03-02
a_00660,politik,eu,premium,2026-04-10
a_00661,feuilleton,theater,free,2024-12-24
a_00662,wirtschaft,banken,metered,2025-12-18
a_00663,feuilleton,musik,metered,2025-06-21
a_00664,technologie,ki,premium,2026-03-12
a_00665,wirtschaft,boerse,premium,2025-10-30
a_00666,meinung,gastkommentar,free,2026-02-08
a_00667,sport,olympia,metered,2026-03-17
a_00668,politik,nahost,premium,2026-05-03
a_00669,international,europa,free,2026-03-02
a_00670,meinung,kolumne,metered,2025-06-16
a_00671,feuilleton,kunst,metered,2026-05-13
a_00672,meinung,leitartikel,metered,2025-06-01
a_00673,international,asien,metered,2025-10-22
a_00674,wirtschaft,banken,free,2025-03-24
a_00675,lifestyle,reisen,premium,2026-03-09
a_00676,politik,nahost,metered,2025-01-03
a_00677,lifestyle,essen,metered,2026-06-07
a_00678,feuilleton,kunst,metered,2025-08-21
a_00679,feuilleton,musik,free,2026-03-30
a_00680,lifestyle,reisen,metered,2025-08-30
a_00681,wirtschaft,banken,free,2025-01-25
a_00682,wirtschaft,makro,metered,2025-01-09
a_00683,sport,olympia,metered,2026-04-21
a_00684,international,amerika,metered,2025-11-02
a_00685,feuilleton,theater,metered,2025-01-25
a_00686,meinung,leitartikel,free,2025-06-09
a_00687,sport,eishockey,metered,2025-10-14
a_00688,lifestyle,familie,free,2025-08-04
a_00689,international,afrika,metered,2024-12-15
a_00690,international,europa,free,2025-09-06
a_00691,feuilleton,literatur,free,2025-02-14
a_00692,feuilleton,kunst,metered,2025-05-08
a_00693,international,amerika,premium,2025-12-10
a_00694,meinung,kolumne,free,2025-12-21
a_00695,feuilleton,theater,metered,2024-12-19
a_00696,feuilleton,kunst,free,2025-09-06
a_00697,wirtschaft,banken,metered,2025-04-05
a_00698,politik,bundesrat,metered,2025-07-26
a_00699,feuilleton,theater,free,2026-03-04
a_00700,lifestyle,gesundheit,metered,2025-07-07
a_00701,technologie,gadgets,free,2025-10-22
a_00702,politik,usa_politics,premium,2024-11-15
a_00703,politik,nahost,metered,2025-08-26
a_00704,lifestyle,familie,metered,2026-02-12
a_00705,lifestyle,familie,free,2025-11-29
a_00706,lifestyle,reisen,metered,2026-06-10
a_00707,lifestyle,essen,metered,2026-02-20
a_00708,technologie,ki,metered,2025-01-19
a_00709,feuilleton,literatur,metered,2024-12-07
a_00710,meinung,gastkommentar,metered,2025-04-25
a_00711,technologie,startups,metered,2026-03-09
a_00712,lifestyle,gesundheit,metered,2026-03-30
a_00713,meinung,kolumne,metered,2026-01-15
a_00714,politik,eu,premium,2026-01-05
a_00715,meinung,leitartikel,metered,2025-12-11
a_00716,technologie,gadgets,free,2025-05-09
a_00717,international,afrika,free,2025-12-19
a_00718,wirtschaft,boerse,metered,2025-11-30
a_00719,lifestyle,essen,metered,2024-12-21
a_00720,politik,nahost,premium,2026-05-11
a_00721,technologie,climate_tech,metered,2026-02-03
a_00722,feuilleton,musik,metered,2025-03-14
a_00723,politik,nahost,free,2025-04-24
a_00724,feuilleton,theater,metered,2025-12-18
a_00725,meinung,kolumne,metered,2025-03-29
a_00726,wirtschaft,immobilien,premium,2026-03-08
a_00727,meinung,kolumne,metered,2025-08-13
a_00728,technologie,climate_tech,premium,2024-12-28
a_00729,international,klima,premium,2025-12-25
a_00730,meinung,leitartikel,metered,2026-05-22
a_00731,meinung,leitartikel,metered,2025-05-21
a_00732,international,europa,metered,2026-06-06
a_00733,politik,bundesrat,metered,2026-01-12
a_00734,lifestyle,essen,premium,2026-01-19
a_00735,international,asien,metered,2025-06-07
a_00736,lifestyle,familie,premium,2025-09-09
a_00737,international,amerika,metered,2025-03-15
a_00738,international,afrika,metered,2025-11-02
a_00739,meinung,leitartikel,metered,2026-04-06
a_00740,lifestyle,essen,metered,2025-11-29
a_00741,feuilleton,theater,metered,2026-04-15
a_00742,politik,abstimmungen,free,2025-02-02
a_00743,politik,abstimmungen,free,2025-11-04
a_00744,wirtschaft,immobilien,metered,2025-04-28
a_00745,technologie,cybersecurity,metered,2025-10-09
a_00746,sport,tennis,premium,2025-01-01
a_00747,lifestyle,gesundheit,metered,2025-06-21
a_00748,feuilleton,kunst,metered,2025-06-13
a_00749,lifestyle,reisen,premium,2025-09-17
a_00750,international,afrika,metered,2026-01-27
a_00751,feuilleton,theater,premium,2025-10-15
a_00752,meinung,leitartikel,premium,2026-04-22
a_00753,meinung,leitartikel,metered,2025-04-22
a_00754,international,amerika,metered,2025-06-14
a_00755,feuilleton,literatur,premium,2025-08-14
a_00756,sport,ski,metered,2025-11-09
a_00757,lifestyle,gesundheit,metered,2026-03-31
a_00758,international,asien,metered,2025-10-28
a_00759,politik,abstimmungen,metered,2026-06-06
a_00760,politik,abstimmungen,free,2025-08-14
a_00761,international,afrika,premium,2025-09-18
a_00762,sport,olympia,free,2025-12-27
a_00763,meinung,gastkommentar,metered,2025-01-29
a_00764,international,europa,metered,2025-01-31
a_00765,sport,eishockey,metered,2025-05-22
a_00766,sport,ski,premium,2024-12-16
a_00767,lifestyle,familie,premium,2025-07-10
a_00768,technologie,startups,metered,2025-05-31
a_00769,technologie,climate_tech,metered,2025-11-11
a_00770,feuilleton,kunst,premium,2026-06-12
a_00771,technologie,cybersecurity,metered,2025-10-10
a_00772,lifestyle,familie,metered,2026-06-02
a_00773,international,asien,metered,2025-11-02
a_00774,technologie,gadgets,metered,2025-11-20
a_00775,lifestyle,reisen,premium,2026-03-23
a_00776,lifestyle,gesundheit,premium,2025-10-18
a_00777,technologie,climate_tech,metered,2026-06-12
a_00778,meinung,leitartikel,free,2025-11-20
a_00779,sport,olympia,metered,2025-05-23
a_00780,technologie,ki,premium,2025-07-19
a_00781,international,europa,premium,2025-11-28
a_00782,meinung,leitartikel,metered,2025-04-25
a_00783,technologie,cybersecurity,metered,2026-01-20
a_00784,meinung,kolumne,free,2024-11-04
a_00785,technologie,climate_tech,free,2026-01-17
a_00786,technologie,ki,metered,2024-11-12
a_00787,politik,usa_politics,metered,2025-02-08
a_00788,politik,nahost,premium,2026-06-14
a_00789,politik,eu,premium,2026-03-19
a_00790,lifestyle,familie,metered,2026-01-26
a_00791,international,europa,metered,2026-05-18
a_00792,feuilleton,musik,metered,2025-12-24
a_00793,politik,eu,metered,2025-01-04
a_00794,politik,eu,premium,2026-03-28
a_00795,sport,eishockey,premium,2025-03-24
a_00796,technologie,gadgets,premium,2025-11-04
a_00797,feuilleton,kunst,metered,2026-04-26
a_00798,meinung,leitartikel,metered,2025-12-11
a_00799,wirtschaft,banken,premium,2024-11-23
a_00800,technologie,climate_tech,metered,2026-02-23
a_00801,feuilleton,kunst,free,2026-03-01
a_00802,international,asien,metered,2025-01-15
a_00803,lifestyle,gesundheit,free,2026-05-26
a_00804,sport,eishockey,free,2025-02-22
a_00805,international,europa,metered,2024-12-03
a_00806,international,europa,metered,2025-10-04
a_00807,wirtschaft,immobilien,free,2025-12-16
a_00808,meinung,kolumne,metered,2024-12-29
a_00809,technologie,startups,metered,2025-02-03
a_00810,feuilleton,film,premium,2025-12-06
a_00811,international,afrika,free,2024-12-20
a_00812,technologie,ki,free,2026-03-21
a_00813,lifestyle,gesundheit,metered,2025-04-15
a_00814,wirtschaft,immobilien,metered,2026-03-24
a_00815,international,asien,free,2026-01-24
a_00816,international,europa,premium,2025-05-16
a_00817,international,afrika,metered,2026-02-28
a_00818,sport,fussball,metered,2025-03-04
a_00819,international,amerika,metered,2025-08-20
a_00820,politik,nahost,free,2026-06-05
a_00821,wirtschaft,makro,free,2026-04-24
a_00822,technologie,ki,metered,2026-05-08
a_00823,lifestyle,familie,free,2025-01-30
a_00824,politik,usa_politics,free,2025-05-10
a_00825,feuilleton,theater,metered,2024-12-16
a_00826,politik,bundesrat,metered,2026-04-27
a_00827,politik,nahost,premium,2026-02-20
a_00828,politik,usa_politics,metered,2026-04-19
a_00829,international,klima,premium,2025-01-09
a_00830,international,klima,metered,2025-05-25
a_00831,meinung,gastkommentar,metered,2026-01-09
a_00832,politik,eu,metered,2025-06-09
a_00833,technologie,climate_tech,free,2025-04-27
a_00834,meinung,gastkommentar,free,2026-05-20
a_00835,lifestyle,familie,free,2025-09-21
a_00836,sport,eishockey,metered,2026-01-25
a_00837,politik,nahost,metered,2026-02-12
a_00838,international,amerika,free,2025-11-10
a_00839,international,amerika,premium,2026-01-24
a_00840,international,europa,metered,2026-06-02
a_00841,technologie,startups,premium,2025-08-30
a_00842,international,klima,premium,2026-04-09
a_00843,politik,bundesrat,metered,2024-12-11
a_00844,sport,olympia,metered,2024-12-16
a_00845,feuilleton,musik,premium,2025-06-26
a_00846,sport,fussball,premium,2025-08-30
a_00847,politik,abstimmungen,premium,2025-05-20
a_00848,lifestyle,reisen,free,2026-04-28
a_00849,feuilleton,musik,metered,2024-11-14
a_00850,politik,abstimmungen,metered,2025-01-07
a_00851,wirtschaft,boerse,metered,2025-11-17
a_00852,politik,bundesrat,free,2024-12-14
a_00853,technologie,startups,metered,2025-02-27
a_00854,international,asien,metered,2026-04-06
a_00855,politik,nahost,premium,2026-03-11
a_00856,politik,nahost,free,2026-02-15
a_00857,international,asien,premium,2025-05-28
a_00858,sport,olympia,metered,2025-02-10
a_00859,politik,bundesrat,premium,2025-05-13
a_00860,wirtschaft,immobilien,metered,2025-02-18
a_00861,technologie,startups,free,2025-03-25
a_00862,politik,abstimmungen,premium,2026-03-21
a_00863,sport,eishockey,metered,2025-03-29
a_00864,international,amerika,free,2025-03-07
a_00865,sport,olympia,free,2025-04-05
a_00866,wirtschaft,unternehmen,premium,2025-01-27
a_00867,lifestyle,familie,premium,2026-04-09
a_00868,sport,eishockey,metered,2026-05-05
a_00869,sport,ski,free,2025-03-02
a_00870,feuilleton,theater,metered,2026-03-04
a_00871,lifestyle,essen,metered,2025-04-13
a_00872,sport,eishockey,metered,2025-07-04
a_00873,sport,tennis,metered,2026-06-30
a_00874,lifestyle,gesundheit,metered,2025-11-16
a_00875,feuilleton,theater,premium,2026-03-07
a_00876,technologie,ki,premium,2025-07-20
a_00877,wirtschaft,unternehmen,free,2025-11-13
a_00878,meinung,gastkommentar,metered,2025-04-16
a_00879,sport,tennis,metered,2026-01-20
a_00880,meinung,kolumne,metered,2026-06-22
a_00881,feuilleton,film,metered,2025-02-04
a_00882,wirtschaft,makro,free,2025-09-28
a_00883,international,europa,free,2025-04-13
a_00884,sport,eishockey,premium,2025-11-23
a_00885,technologie,gadgets,metered,2025-08-04
a_00886,international,asien,metered,2025-07-06
a_00887,sport,olympia,free,2025-06-25
a_00888,lifestyle,essen,metered,2025-08-31
a_00889,sport,tennis,metered,2025-03-06
a_00890,politik,nahost,premium,2025-04-24
a_00891,international,europa,metered,2024-12-13
a_00892,lifestyle,essen,metered,2025-07-19
a_00893,meinung,kolumne,premium,2025-11-07
a_00894,lifestyle,reisen,metered,2025-11-17
a_00895,technologie,startups,free,2025-03-08
a_00896,lifestyle,gesundheit,metered,2026-03-08
a_00897,politik,nahost,premium,2025-07-11
a_00898,lifestyle,essen,free,2026-03-03
a_00899,wirtschaft,unternehmen,free,2026-03-13
a_00900,international,afrika,premium,2024-11-07
a_00901,international,amerika,metered,2024-11-29
a_00902,politik,eu,free,2025-09-21
a_00903,technologie,climate_tech,metered,2026-03-24
a_00904,sport,eishockey,free,2025-06-15
a_00905,feuilleton,kunst,metered,2025-11-06
a_00906,international,klima,free,2025-11-04
a_00907,sport,eishockey,metered,2026-02-06
a_00908,meinung,leitartikel,metered,2026-04-20
a_00909,feuilleton,musik,free,2025-10-12
a_00910,technologie,climate_tech,metered,2026-02-14
a_00911,feuilleton,musik,premium,2025-11-01
a_00912,feuilleton,musik,metered,2025-05-20
a_00913,technologie,gadgets,premium,2025-10-13
a_00914,wirtschaft,unternehmen,premium,2026-01-23
a_00915,lifestyle,reisen,metered,2026-04-28
a_00916,international,klima,metered,2025-01-01
a_00917,technologie,climate_tech,premium,2025-05-23
a_00918,feuilleton,literatur,metered,2025-01-17
a_00919,wirtschaft,makro,premium,2025-02-12
a_00920,meinung,kolumne,metered,2025-03-17
a_00921,sport,ski,premium,2026-05-02
a_00922,wirtschaft,boerse,metered,2025-07-01
a_00923,feuilleton,film,metered,2026-05-12
a_00924,international,afrika,premium,2025-09-06
a_00925,wirtschaft,immobilien,metered,2024-11-12
a_00926,feuilleton,literatur,metered,2025-06-30
a_00927,feuilleton,film,metered,2026-01-16
a_00928,international,europa,premium,2025-11-17
a_00929,feuilleton,film,metered,2025-06-12
a_00930,feuilleton,theater,metered,2025-01-15
a_00931,feuilleton,musik,free,2026-02-03
a_00932,international,klima,free,2025-09-13
a_00933,feuilleton,literatur,free,2026-02-24
a_00934,feuilleton,musik,metered,2025-04-15
a_00935,feuilleton,film,metered,2025-02-04
a_00936,lifestyle,essen,free,2025-06-10
a_00937,technologie,climate_tech,free,2025-03-26
a_00938,meinung,gastkommentar,metered,2025-09-05
a_00939,wirtschaft,makro,premium,2025-09-01
a_00940,politik,nahost,free,2025-01-20
a_00941,politik,eu,metered,2025-08-11
a_00942,feuilleton,literatur,premium,2025-06-24
a_00943,lifestyle,familie,premium,2025-09-12
a_00944,lifestyle,reisen,metered,2026-02-05
a_00945,lifestyle,essen,metered,2025-08-04
a_00946,technologie,climate_tech,free,2025-04-18
a_00947,meinung,gastkommentar,free,2026-05-03
a_00948,feuilleton,literatur,premium,2026-02-08
a_00949,technologie,climate_tech,metered,2026-06-07
a_00950,wirtschaft,makro,metered,2025-03-21
a_00951,politik,bundesrat,free,2025-11-09
a_00952,lifestyle,gesundheit,metered,2026-02-01
a_00953,sport,ski,metered,2026-04-27
a_00954,meinung,kolumne,metered,2025-02-27
a_00955,international,europa,free,2025-04-03
a_00956,technologie,ki,metered,2026-06-01
a_00957,lifestyle,gesundheit,free,2025-10-10
a_00958,sport,eishockey,metered,2025-02-02
a_00959,feuilleton,literatur,metered,2025-02-26
a_00960,feuilleton,musik,metered,2026-06-30
a_00961,international,amerika,free,2026-04-30
a_00962,sport,olympia,metered,2025-03-19
a_00963,international,amerika,metered,2025-10-02
a_00964,politik,eu,metered,2026-01-06
a_00965,feuilleton,literatur,free,2025-07-29
a_00966,international,klima,premium,2025-05-05
a_00967,meinung,kolumne,metered,2025-12-31
a_00968,feuilleton,literatur,metered,2024-12-20
a_00969,wirtschaft,boerse,free,2025-03-07
a_00970,sport,ski,metered,2024-11-16
a_00971,international,amerika,metered,2026-04-25
a_00972,feuilleton,theater,metered,2025-01-29
a_00973,sport,eishockey,free,2026-04-12
a_00974,feuilleton,literatur,metered,2025-07-06
a_00975,lifestyle,reisen,metered,2025-01-03
a_00976,technologie,cybersecurity,metered,2025-10-19
a_00977,meinung,leitartikel,free,2025-05-12
a_00978,technologie,ki,premium,2025-08-18
a_00979,sport,fussball,premium,2026-06-17
a_00980,lifestyle,gesundheit,metered,2025-11-18
a_00981,meinung,gastkommentar,metered,2024-11-11
a_00982,politik,usa_politics,metered,2024-12-29
a_00983,feuilleton,literatur,metered,2026-02-12
a_00984,lifestyle,familie,metered,2025-12-16
a_00985,feuilleton,film,metered,2025-08-24
a_00986,international,europa,metered,2026-02-20
a_00987,lifestyle,reisen,free,2025-03-17
a_00988,international,asien,metered,2025-03-21
a_00989,lifestyle,reisen,metered,2025-07-05
a_00990,wirtschaft,banken,metered,2026-02-24
a_00991,wirtschaft,makro,free,2026-06-20
a_00992,sport,olympia,metered,2025-04-01
a_00993,feuilleton,literatur,metered,2025-11-11
a_00994,international,amerika,free,2025-07-28
a_00995,lifestyle,reisen,premium,2026-04-19
a_00996,lifestyle,essen,metered,2026-03-05
a_00997,international,afrika,premium,2025-02-13
a_00998,politik,abstimmungen,metered,2025-12-23
a_00999,technologie,startups,metered,2024-11-11
a_01000,lifestyle,essen,premium,2025-09-02
a_01001,international,asien,metered,2025-04-12
a_01002,lifestyle,gesundheit,free,2025-06-13
a_01003,lifestyle,essen,premium,2025-05-20
a_01004,lifestyle,gesundheit,metered,2025-10-09
a_01005,wirtschaft,makro,metered,2026-03-31
a_01006,sport,eishockey,free,2025-09-12
a_01007,international,afrika,premium,2026-04-10
a_01008,technologie,startups,premium,2026-06-13
a_01009,feuilleton,kunst,metered,2025-03-16
a_01010,technologie,ki,free,2026-03-17
a_01011,politik,usa_politics,metered,2025-03-12
a_01012,sport,eishockey,free,2025-01-10
a_01013,lifestyle,gesundheit,metered,2025-03-07
a_01014,lifestyle,gesundheit,metered,2025-07-09
a_01015,meinung,kolumne,free,2025-02-12
a_01016,feuilleton,literatur,premium,2025-10-23
a_01017,sport,ski,metered,2025-10-29
a_01018,wirtschaft,makro,metered,2026-01-03
a_01019,international,europa,metered,2026-05-08
a_01020,lifestyle,familie,premium,2025-02-16
a_01021,technologie,cybersecurity,metered,2026-06-18
a_01022,feuilleton,musik,premium,2026-03-20
a_01023,wirtschaft,immobilien,free,2024-12-03
a_01024,politik,usa_politics,metered,2025-11-18
a_01025,sport,ski,metered,2025-04-06
a_01026,lifestyle,gesundheit,free,2024-12-11
a_01027,feuilleton,literatur,metered,2025-12-19
a_01028,lifestyle,essen,metered,2024-12-06
a_01029,wirtschaft,boerse,metered,2025-02-16
a_01030,lifestyle,reisen,free,2025-12-22
a_01031,politik,bundesrat,metered,2024-12-21
a_01032,feuilleton,kunst,free,2026-02-02
a_01033,wirtschaft,boerse,free,2024-11-17
a_01034,meinung,leitartikel,free,2025-05-08
a_01035,wirtschaft,immobilien,premium,2025-04-05
a_01036,politik,usa_politics,free,2025-02-07
a_01037,feuilleton,literatur,free,2025-09-20
a_01038,politik,usa_politics,premium,2025-03-14
a_01039,sport,tennis,premium,2025-01-31
a_01040,feuilleton,literatur,metered,2025-06-27
a_01041,international,europa,premium,2025-08-29
a_01042,meinung,gastkommentar,premium,2025-11-19
a_01043,sport,tennis,metered,2024-12-22
a_01044,meinung,gastkommentar,metered,2025-02-22
a_01045,wirtschaft,immobilien,metered,2024-12-01
a_01046,wirtschaft,boerse,premium,2026-02-24
a_01047,wirtschaft,makro,metered,2025-10-06
a_01048,lifestyle,essen,premium,2025-04-01
a_01049,technologie,cybersecurity,free,2025-09-20
a_01050,international,asien,metered,2026-03-07
a_01051,lifestyle,essen,premium,2026-02-06
a_01052,politik,nahost,free,2026-05-15
a_01053,wirtschaft,banken,metered,2025-03-20
a_01054,lifestyle,gesundheit,premium,2025-02-08
a_01055,meinung,leitartikel,metered,2026-02-07
a_01056,meinung,gastkommentar,metered,2026-05-12
a_01057,wirtschaft,unternehmen,premium,2025-02-15
a_01058,meinung,gastkommentar,free,2026-01-03
a_01059,international,klima,metered,2025-10-15
a_01060,sport,eishockey,metered,2026-04-23
a_01061,technologie,startups,metered,2025-02-26
a_01062,technologie,climate_tech,metered,2025-05-30
a_01063,international,europa,metered,2025-11-12
a_01064,wirtschaft,banken,metered,2026-04-09
a_01065,international,europa,metered,2026-03-16
a_01066,meinung,leitartikel,metered,2025-08-17
a_01067,lifestyle,reisen,metered,2025-06-13
a_01068,feuilleton,kunst,metered,2025-02-24
a_01069,politik,usa_politics,metered,2025-07-02
a_01070,politik,nahost,metered,2026-06-28
a_01071,sport,tennis,metered,2025-03-19
a_01072,meinung,leitartikel,premium,2026-05-30
a_01073,feuilleton,literatur,metered,2025-04-19
a_01074,feuilleton,kunst,premium,2025-01-15
a_01075,lifestyle,gesundheit,premium,2026-01-10
a_01076,technologie,climate_tech,metered,2025-08-04
a_01077,technologie,cybersecurity,metered,2026-01-19
a_01078,technologie,ki,premium,2026-06-22
a_01079,lifestyle,reisen,metered,2025-01-29
a_01080,wirtschaft,makro,metered,2025-09-29
a_01081,international,klima,metered,2025-04-11
a_01082,lifestyle,reisen,metered,2025-08-29
a_01083,feuilleton,literatur,premium,2025-04-05
a_01084,feuilleton,literatur,free,2025-02-27
a_01085,wirtschaft,immobilien,free,2025-09-12
a_01086,technologie,cybersecurity,metered,2025-07-13
a_01087,feuilleton,theater,premium,2026-02-09
a_01088,feuilleton,theater,metered,2025-08-30
a_01089,technologie,startups,metered,2025-11-02
a_01090,wirtschaft,boerse,metered,2026-01-08
a_01091,politik,eu,metered,2024-12-04
a_01092,lifestyle,essen,metered,2025-08-01
a_01093,politik,nahost,metered,2025-09-15
a_01094,international,afrika,metered,2025-11-21
a_01095,technologie,climate_tech,metered,2024-11-25
a_01096,feuilleton,film,free,2025-01-01
a_01097,meinung,leitartikel,metered,2026-03-31
a_01098,feuilleton,kunst,metered,2026-02-07
a_01099,sport,olympia,free,2025-07-14
a_01100,technologie,startups,metered,2024-11-02
a_01101,international,asien,metered,2025-04-07
a_01102,wirtschaft,unternehmen,premium,2025-11-25
a_01103,meinung,kolumne,metered,2025-12-19
a_01104,lifestyle,familie,premium,2026-03-17
a_01105,politik,usa_politics,metered,2025-10-02
a_01106,politik,bundesrat,premium,2026-02-09
a_01107,meinung,kolumne,free,2025-03-24
a_01108,wirtschaft,makro,metered,2025-01-29
a_01109,international,klima,metered,2025-05-23
a_01110,politik,eu,metered,2026-03-28
a_01111,technologie,ki,premium,2026-04-23
a_01112,feuilleton,film,metered,2024-12-19
a_01113,international,klima,free,2025-02-27
a_01114,lifestyle,essen,metered,2024-12-11
a_01115,lifestyle,essen,metered,2026-02-07
a_01116,technologie,climate_tech,free,2026-03-15
a_01117,wirtschaft,immobilien,free,2026-05-17
a_01118,politik,usa_politics,metered,2025-02-19
a_01119,feuilleton,literatur,metered,2025-09-11
a_01120,politik,eu,free,2025-07-30
a_01121,lifestyle,reisen,premium,2026-06-16
a_01122,feuilleton,literatur,premium,2026-05-23
a_01123,sport,tennis,metered,2026-03-24
a_01124,meinung,kolumne,premium,2025-03-07
a_01125,technologie,ki,premium,2025-05-22
a_01126,meinung,kolumne,metered,2026-02-17
a_01127,technologie,startups,metered,2025-11-05
a_01128,politik,eu,premium,2025-10-21
a_01129,feuilleton,theater,metered,2024-12-16
a_01130,lifestyle,familie,metered,2025-07-05
a_01131,technologie,ki,free,2026-06-15
a_01132,technologie,climate_tech,metered,2025-08-06
a_01133,international,europa,free,2026-04-21
a_01134,international,klima,free,2025-07-08
a_01135,politik,usa_politics,metered,2026-03-30
a_01136,meinung,gastkommentar,metered,2026-03-18
a_01137,international,asien,free,2025-11-13
a_01138,feuilleton,kunst,premium,2026-03-10
a_01139,politik,eu,free,2024-11-30
a_01140,politik,abstimmungen,metered,2025-06-15
a_01141,technologie,startups,metered,2024-12-25
a_01142,international,klima,premium,2025-12-29
a_01143,technologie,ki,metered,2025-04-27
a_01144,politik,eu,metered,2025-09-19
a_01145,sport,ski,metered,2026-03-27
a_01146,feuilleton,film,metered,2026-01-29
a_01147,international,amerika,premium,2025-12-10
a_01148,meinung,leitartikel,free,2024-12-01
a_01149,wirtschaft,boerse,metered,2025-11-10
a_01150,meinung,gastkommentar,free,2025-05-23
a_01151,technologie,cybersecurity,metered,2026-06-24
a_01152,meinung,leitartikel,metered,2025-05-23
a_01153,sport,eishockey,metered,2026-01-29
a_01154,technologie,gadgets,metered,2025-10-29
a_01155,feuilleton,theater,metered,2025-05-23
a_01156,wirtschaft,makro,free,2025-03-07
a_01157,lifestyle,essen,metered,2025-04-07
a_01158,technologie,cybersecurity,premium,2025-09-19
a_01159,technologie,gadgets,metered,2026-04-22
a_01160,international,klima,metered,2026-06-18
a_01161,technologie,climate_tech,metered,2025-05-10
a_01162,politik,nahost,premium,2024-11-27
a_01163,lifestyle,gesundheit,free,2025-03-14
a_01164,politik,bundesrat,free,2025-09-02
a_01165,technologie,startups,premium,2025-07-02
a_01166,international,europa,metered,2025-01-23
a_01167,sport,tennis,premium,2025-02-14
a_01168,feuilleton,musik,metered,2025-10-20
a_01169,international,afrika,metered,2025-04-11
a_01170,sport,ski,metered,2025-03-27
a_01171,international,afrika,free,2025-06-17
a_01172,feuilleton,film,premium,2026-05-02
a_01173,wirtschaft,makro,metered,2026-03-27
a_01174,meinung,gastkommentar,free,2025-05-13
a_01175,feuilleton,film,metered,2026-02-09
a_01176,technologie,ki,metered,2026-06-05
a_01177,feuilleton,theater,metered,2025-04-20
a_01178,lifestyle,essen,free,2024-11-03
a_01179,feuilleton,film,metered,2025-03-21
a_01180,feuilleton,film,premium,2026-03-21
a_01181,technologie,startups,metered,2025-01-04
a_01182,feuilleton,film,metered,2025-04-08
a_01183,feuilleton,theater,free,2026-06-03
a_01184,meinung,kolumne,premium,2025-03-03
a_01185,feuilleton,kunst,metered,2025-08-18
a_01186,sport,ski,free,2026-04-21
a_01187,feuilleton,musik,premium,2026-03-30
a_01188,meinung,gastkommentar,metered,2025-05-04
a_01189,feuilleton,kunst,metered,2025-04-01
a_01190,meinung,gastkommentar,metered,2025-10-21
a_01191,wirtschaft,banken,premium,2025-05-15
a_01192,international,amerika,premium,2026-01-22
a_01193,international,afrika,metered,2025-12-16
a_01194,politik,nahost,metered,2025-07-13
a_01195,politik,abstimmungen,metered,2025-07-07
a_01196,politik,bundesrat,metered,2025-01-01
a_01197,wirtschaft,makro,metered,2025-12-27
a_01198,lifestyle,gesundheit,premium,2026-05-14
a_01199,wirtschaft,boerse,metered,2026-04-16
a_01200,meinung,gastkommentar,metered,2025-11-29
a_01201,feuilleton,kunst,premium,2026-01-16
a_01202,politik,usa_politics,free,2026-04-26
a_01203,politik,abstimmungen,free,2025-03-13
a_01204,international,klima,metered,2026-02-10
a_01205,meinung,kolumne,premium,2025-01-02
a_01206,technologie,startups,free,2026-02-13
a_01207,wirtschaft,immobilien,free,2025-03-13
a_01208,sport,olympia,metered,2025-10-25
a_01209,technologie,gadgets,premium,2024-11-02
a_01210,lifestyle,reisen,metered,2024-11-04
a_01211,technologie,climate_tech,metered,2025-11-30
a_01212,meinung,leitartikel,premium,2026-04-20
a_01213,meinung,kolumne,metered,2025-01-06
a_01214,feuilleton,film,free,2026-03-20
a_01215,technologie,startups,free,2026-02-02
a_01216,feuilleton,theater,metered,2026-01-16
a_01217,technologie,ki,premium,2025-04-15
a_01218,sport,fussball,premium,2026-04-18
a_01219,meinung,gastkommentar,free,2025-11-05
a_01220,sport,ski,metered,2025-02-20
a_01221,meinung,kolumne,free,2026-04-20
a_01222,technologie,climate_tech,metered,2025-04-21
a_01223,feuilleton,musik,metered,2025-08-30
a_01224,sport,eishockey,premium,2025-02-04
a_01225,sport,fussball,metered,2025-06-25
a_01226,politik,abstimmungen,free,2025-11-28
a_01227,lifestyle,gesundheit,metered,2026-04-30
a_01228,technologie,ki,premium,2025-07-25
a_01229,politik,usa_politics,metered,2025-11-11
a_01230,politik,usa_politics,premium,2025-01-02
a_01231,international,asien,metered,2025-03-25
a_01232,lifestyle,familie,metered,2025-10-16
a_01233,technologie,climate_tech,metered,2024-11-26
a_01234,technologie,gadgets,premium,2025-05-25
a_01235,lifestyle,essen,metered,2024-12-07
a_01236,meinung,leitartikel,metered,2025-08-25
a_01237,politik,usa_politics,premium,2025-04-09
a_01238,sport,tennis,free,2025-04-08
a_01239,feuilleton,musik,metered,2025-08-08
a_01240,wirtschaft,immobilien,metered,2025-02-06
a_01241,lifestyle,reisen,metered,2026-02-04
a_01242,technologie,climate_tech,premium,2025-08-01
a_01243,international,klima,metered,2026-05-02
a_01244,politik,usa_politics,metered,2025-03-18
a_01245,international,europa,free,2024-12-08
a_01246,meinung,gastkommentar,premium,2025-07-04
a_01247,meinung,gastkommentar,metered,2025-01-03
a_01248,wirtschaft,immobilien,free,2025-06-21
a_01249,meinung,kolumne,premium,2026-02-12
a_01250,meinung,leitartikel,premium,2026-05-25
a_01251,technologie,gadgets,metered,2025-08-05
a_01252,wirtschaft,makro,metered,2025-02-22
a_01253,technologie,cybersecurity,premium,2025-06-24
a_01254,politik,usa_politics,free,2025-04-23
a_01255,politik,abstimmungen,premium,2025-01-13
a_01256,sport,fussball,metered,2026-02-24
a_01257,politik,bundesrat,metered,2026-01-18
a_01258,technologie,gadgets,free,2025-04-29
a_01259,sport,ski,free,2025-08-22
a_01260,wirtschaft,boerse,free,2025-08-19
a_01261,feuilleton,theater,metered,2025-07-20
a_01262,sport,eishockey,premium,2026-02-06
a_01263,meinung,leitartikel,metered,2025-12-29
a_01264,lifestyle,gesundheit,metered,2024-11-03
a_01265,meinung,kolumne,metered,2025-03-17
a_01266,meinung,leitartikel,metered,2026-06-04
a_01267,meinung,leitartikel,metered,2025-07-10
a_01268,meinung,gastkommentar,metered,2025-08-08
a_01269,feuilleton,musik,metered,2026-02-06
a_01270,wirtschaft,immobilien,metered,2026-02-04
a_01271,meinung,gastkommentar,metered,2025-10-10
a_01272,politik,eu,premium,2026-05-13
a_01273,wirtschaft,boerse,metered,2025-10-25
a_01274,wirtschaft,unternehmen,metered,2026-04-17
a_01275,sport,fussball,free,2025-08-03
a_01276,international,klima,metered,2025-03-14
a_01277,international,europa,premium,2025-01-07
a_01278,politik,abstimmungen,premium,2025-10-03
a_01279,lifestyle,reisen,premium,2026-04-26
a_01280,wirtschaft,makro,metered,2025-07-08
a_01281,international,asien,premium,2026-01-16
a_01282,wirtschaft,immobilien,metered,2025-09-20
a_01283,wirtschaft,boerse,metered,2026-03-05
a_01284,lifestyle,familie,metered,2026-02-17
a_01285,lifestyle,essen,premium,2025-12-29
a_01286,sport,ski,premium,2025-06-04
a_01287,meinung,leitartikel,metered,2025-07-09
a_01288,lifestyle,essen,premium,2025-08-17
a_01289,lifestyle,gesundheit,premium,2026-03-15
a_01290,sport,fussball,free,2025-11-05
a_01291,lifestyle,gesundheit,metered,2025-02-13
a_01292,lifestyle,familie,metered,2025-04-14
a_01293,lifestyle,familie,metered,2025-05-09
a_01294,international,klima,metered,2025-11-04
a_01295,lifestyle,familie,metered,2026-02-08
a_01296,sport,ski,metered,2025-01-30
a_01297,feuilleton,literatur,premium,2026-01-13
a_01298,international,amerika,metered,2025-11-13
a_01299,sport,eishockey,metered,2025-03-06
a_01300,international,asien,free,2025-01-26
a_01301,international,asien,free,2025-01-29
a_01302,politik,bundesrat,metered,2026-02-14
a_01303,wirtschaft,immobilien,free,2025-03-23
a_01304,meinung,leitartikel,free,2025-02-26
a_01305,politik,usa_politics,free,2025-07-12
a_01306,technologie,climate_tech,metered,2025-11-28
a_01307,politik,nahost,free,2025-07-27
a_01308,lifestyle,essen,metered,2025-10-19
a_01309,sport,fussball,metered,2025-06-11
a_01310,technologie,startups,metered,2025-07-17
a_01311,sport,eishockey,premium,2025-10-22
a_01312,technologie,climate_tech,metered,2025-11-27
a_01313,technologie,ki,premium,2026-01-22
a_01314,feuilleton,literatur,free,2026-03-29
a_01315,lifestyle,reisen,metered,2025-05-19
a_01316,lifestyle,gesundheit,metered,2025-01-12
a_01317,feuilleton,literatur,premium,2024-12-27
a_01318,politik,nahost,premium,2025-12-16
a_01319,sport,ski,metered,2025-07-20
a_01320,technologie,climate_tech,premium,2025-07-07
a_01321,lifestyle,essen,metered,2026-01-20
a_01322,wirtschaft,banken,metered,2025-12-15
a_01323,sport,fussball,free,2026-05-09
a_01324,lifestyle,reisen,metered,2026-04-16
a_01325,meinung,gastkommentar,metered,2026-01-30
a_01326,lifestyle,familie,metered,2025-12-02
a_01327,technologie,gadgets,metered,2026-04-29
a_01328,wirtschaft,boerse,metered,2025-02-06
a_01329,wirtschaft,banken,free,2026-06-03
a_01330,lifestyle,gesundheit,metered,2025-07-11
a_01331,technologie,climate_tech,metered,2025-03-31
a_01332,lifestyle,reisen,free,2025-09-30
a_01333,feuilleton,literatur,metered,2026-04-27
a_01334,politik,nahost,free,2025-01-17
a_01335,wirtschaft,immobilien,metered,2025-02-14
a_01336,sport,ski,metered,2025-11-26
a_01337,politik,abstimmungen,metered,2025-12-11
a_01338,wirtschaft,immobilien,metered,2026-01-07
a_01339,wirtschaft,immobilien,free,2026-04-30
a_01340,wirtschaft,makro,metered,2026-02-06
a_01341,sport,eishockey,metered,2026-03-08
a_01342,lifestyle,reisen,premium,2025-01-12
a_01343,sport,fussball,free,2025-06-05
a_01344,feuilleton,musik,free,2026-01-03
a_01345,meinung,gastkommentar,premium,2026-03-13
a_01346,technologie,climate_tech,metered,2025-06-11
a_01347,feuilleton,theater,metered,2025-10-19
a_01348,politik,usa_politics,metered,2025-03-09
a_01349,feuilleton,film,premium,2026-04-10
a_01350,politik,bundesrat,metered,2025-09-15
a_01351,wirtschaft,makro,free,2024-12-28
a_01352,meinung,gastkommentar,metered,2025-10-14
a_01353,wirtschaft,immobilien,metered,2025-04-10
a_01354,feuilleton,literatur,free,2025-08-05
a_01355,sport,eishockey,premium,2025-05-30
a_01356,international,asien,metered,2026-03-26
a_01357,wirtschaft,makro,metered,2026-03-29
a_01358,politik,bundesrat,premium,2025-02-03
a_01359,meinung,kolumne,metered,2025-05-16
a_01360,meinung,gastkommentar,free,2025-07-06
a_01361,meinung,gastkommentar,metered,2026-04-03
a_01362,technologie,cybersecurity,metered,2025-04-12
a_01363,lifestyle,familie,metered,2025-12-31
a_01364,meinung,leitartikel,metered,2024-11-30
a_01365,meinung,gastkommentar,free,2026-06-06
a_01366,technologie,startups,free,2025-05-25
a_01367,wirtschaft,makro,metered,2025-04-13
a_01368,wirtschaft,banken,free,2026-01-10
a_01369,feuilleton,literatur,premium,2025-11-07
a_01370,lifestyle,familie,premium,2025-09-14
a_01371,lifestyle,reisen,premium,2026-05-19
a_01372,meinung,kolumne,metered,2025-07-13
a_01373,meinung,leitartikel,metered,2025-09-24
a_01374,lifestyle,gesundheit,metered,2025-08-16
a_01375,wirtschaft,boerse,free,2025-02-14
a_01376,politik,bundesrat,premium,2025-05-09
a_01377,technologie,climate_tech,metered,2025-11-02
a_01378,wirtschaft,unternehmen,metered,2025-01-14
a_01379,wirtschaft,immobilien,premium,2026-01-18
a_01380,sport,ski,metered,2025-10-25
a_01381,lifestyle,gesundheit,premium,2025-11-30
a_01382,sport,ski,metered,2026-03-10
a_01383,politik,bundesrat,premium,2025-08-21
a_01384,wirtschaft,banken,premium,2026-02-22
a_01385,feuilleton,musik,metered,2026-01-29
a_01386,politik,nahost,metered,2025-03-22
a_01387,feuilleton,musik,metered,2025-04-14
a_01388,politik,usa_politics,premium,2025-07-22
a_01389,lifestyle,familie,metered,2024-12-28
a_01390,politik,bundesrat,premium,2025-10-02
a_01391,wirtschaft,makro,premium,2026-05-08
a_01392,politik,bundesrat,metered,2026-03-03
a_01393,feuilleton,kunst,free,2026-01-17
a_01394,lifestyle,essen,metered,2025-02-28
a_01395,meinung,gastkommentar,metered,2026-03-02
a_01396,international,europa,metered,2025-01-20
a_01397,meinung,gastkommentar,metered,2025-07-08
a_01398,sport,eishockey,metered,2026-05-20
a_01399,international,asien,metered,2026-02-05
a_01400,wirtschaft,banken,metered,2025-01-28
a_01401,politik,bundesrat,free,2025-09-13
a_01402,feuilleton,film,free,2026-06-24
a_01403,international,europa,metered,2025-07-30
a_01404,lifestyle,familie,metered,2025-10-30
a_01405,meinung,gastkommentar,metered,2025-06-21
a_01406,international,amerika,premium,2025-08-30
a_01407,technologie,climate_tech,premium,2025-09-11
a_01408,wirtschaft,boerse,free,2025-02-23
a_01409,politik,nahost,premium,2026-05-27
a_01410,politik,abstimmungen,metered,2026-04-07
a_01411,lifestyle,familie,metered,2024-12-31
a_01412,feuilleton,theater,free,2025-02-13
a_01413,sport,fussball,free,2025-11-27
a_01414,sport,olympia,premium,2025-07-02
a_01415,politik,nahost,metered,2025-12-18
a_01416,politik,usa_politics,metered,2024-11-30
a_01417,technologie,ki,premium,2026-01-31
a_01418,technologie,climate_tech,metered,2024-11-14
a_01419,wirtschaft,banken,free,2025-02-28
a_01420,politik,bundesrat,metered,2026-01-17
a_01421,meinung,kolumne,metered,2025-05-31
a_01422,politik,bundesrat,metered,2025-03-07
a_01423,feuilleton,kunst,metered,2026-04-20
a_01424,technologie,ki,metered,2025-10-31
a_01425,wirtschaft,makro,metered,2025-04-24
a_01426,lifestyle,reisen,metered,2026-01-14
a_01427,international,afrika,free,2025-01-21
a_01428,wirtschaft,unternehmen,free,2025-08-26
a_01429,technologie,ki,metered,2025-02-23
a_01430,lifestyle,reisen,premium,2025-12-04
a_01431,meinung,gastkommentar,metered,2025-04-15
a_01432,feuilleton,kunst,metered,2025-03-27
a_01433,international,amerika,metered,2025-04-05
a_01434,feuilleton,film,free,2026-03-12
a_01435,wirtschaft,immobilien,metered,2026-04-10
a_01436,politik,nahost,metered,2025-03-06
a_01437,international,klima,metered,2025-02-04
a_01438,wirtschaft,unternehmen,free,2025-10-25
a_01439,wirtschaft,banken,premium,2025-11-25
a_01440,politik,usa_politics,free,2026-03-23
a_01441,feuilleton,kunst,free,2026-03-14
a_01442,technologie,cybersecurity,metered,2026-02-25
a_01443,technologie,cybersecurity,premium,2024-11-27
a_01444,lifestyle,familie,premium,2024-12-02
a_01445,technologie,ki,metered,2025-02-22
a_01446,politik,nahost,metered,2025-06-11
a_01447,lifestyle,familie,metered,2026-01-23
a_01448,feuilleton,musik,free,2026-04-02
a_01449,international,europa,metered,2026-01-11
a_01450,feuilleton,musik,metered,2026-04-01
a_01451,politik,bundesrat,metered,2025-06-15
a_01452,sport,ski,metered,2025-11-22
a_01453,sport,fussball,premium,2025-01-22
a_01454,lifestyle,gesundheit,metered,2025-01-05
a_01455,meinung,kolumne,metered,2026-03-17
a_01456,politik,nahost,premium,2025-07-04
a_01457,politik,usa_politics,metered,2026-01-16
a_01458,meinung,leitartikel,metered,2026-06-07
a_01459,politik,usa_politics,metered,2025-10-15
a_01460,meinung,leitartikel,metered,2025-01-04
a_01461,international,asien,premium,2025-12-04
a_01462,lifestyle,essen,metered,2026-03-02
a_01463,technologie,gadgets,premium,2025-04-16
a_01464,feuilleton,theater,free,2025-07-12
a_01465,meinung,gastkommentar,premium,2025-11-17
a_01466,politik,eu,metered,2026-01-27
a_01467,technologie,ki,free,2025-02-18
a_01468,wirtschaft,unternehmen,free,2024-12-03
a_01469,politik,abstimmungen,metered,2025-11-23
a_01470,technologie,gadgets,metered,2024-11-07
a_01471,meinung,kolumne,free,2025-08-02
a_01472,meinung,leitartikel,metered,2025-05-02
a_01473,sport,ski,metered,2025-07-25
a_01474,meinung,kolumne,metered,2026-04-13
a_01475,sport,tennis,metered,2026-05-23
a_01476,wirtschaft,boerse,premium,2025-12-18
a_01477,meinung,kolumne,metered,2025-06-14
a_01478,politik,eu,metered,2025-11-07
a_01479,politik,usa_politics,premium,2025-01-24
a_01480,meinung,kolumne,premium,2026-06-29
a_01481,technologie,ki,metered,2026-04-15
a_01482,politik,eu,free,2025-05-30
a_01483,sport,olympia,free,2024-11-15
a_01484,international,asien,metered,2026-04-01
a_01485,lifestyle,gesundheit,premium,2024-11-19
a_01486,lifestyle,essen,free,2025-01-06
a_01487,technologie,cybersecurity,metered,2024-11-04
a_01488,wirtschaft,unternehmen,free,2025-02-12
a_01489,sport,olympia,metered,2026-05-12
a_01490,meinung,leitartikel,premium,2025-08-18
a_01491,technologie,gadgets,premium,2025-02-10
a_01492,wirtschaft,unternehmen,premium,2026-06-06
a_01493,international,amerika,metered,2025-07-11
a_01494,international,amerika,metered,2026-01-01
a_01495,politik,nahost,premium,2025-09-27
a_01496,meinung,kolumne,metered,2025-01-08
a_01497,wirtschaft,unternehmen,premium,2026-01-06
a_01498,feuilleton,literatur,metered,2026-06-03
a_01499,international,amerika,free,2026-06-16
a_01500,technologie,ki,free,2026-02-08
a_01501,feuilleton,film,premium,2025-12-13
a_01502,politik,usa_politics,free,2026-01-22
a_01503,lifestyle,familie,premium,2026-06-12
a_01504,feuilleton,theater,metered,2025-10-01
a_01505,meinung,gastkommentar,metered,2026-05-05
a_01506,wirtschaft,immobilien,metered,2025-06-27
a_01507,lifestyle,essen,metered,2025-05-12
a_01508,feuilleton,literatur,free,2025-01-06
a_01509,technologie,gadgets,metered,2025-08-08
a_01510,politik,usa_politics,premium,2025-11-12
a_01511,meinung,leitartikel,free,2025-07-06
a_01512,international,klima,metered,2025-01-17
a_01513,sport,ski,premium,2025-07-26
a_01514,sport,eishockey,free,2025-10-25
a_01515,technologie,ki,free,2025-01-11
a_01516,lifestyle,reisen,premium,2025-09-24
a_01517,lifestyle,gesundheit,premium,2025-06-20
a_01518,politik,eu,metered,2025-10-29
a_01519,feuilleton,literatur,premium,2024-11-04
a_01520,lifestyle,familie,metered,2026-03-17
a_01521,international,klima,free,2025-07-01
a_01522,technologie,ki,metered,2025-07-08
a_01523,politik,usa_politics,premium,2025-01-07
a_01524,technologie,ki,metered,2025-07-24
a_01525,international,afrika,metered,2025-06-30
a_01526,lifestyle,gesundheit,metered,2024-12-07
a_01527,technologie,gadgets,metered,2025-10-18
a_01528,meinung,kolumne,metered,2025-04-24
a_01529,international,europa,free,2025-06-05
a_01530,technologie,cybersecurity,premium,2024-12-20
a_01531,meinung,gastkommentar,metered,2025-11-24
a_01532,international,afrika,free,2025-01-26
a_01533,politik,abstimmungen,free,2025-10-27
a_01534,wirtschaft,unternehmen,premium,2025-07-18
a_01535,lifestyle,essen,metered,2026-01-26
a_01536,politik,nahost,metered,2025-07-06
a_01537,international,klima,metered,2025-12-03
a_01538,international,europa,metered,2026-05-23
a_01539,feuilleton,theater,premium,2025-04-07
a_01540,international,klima,metered,2025-01-12
a_01541,meinung,gastkommentar,free,2025-11-04
a_01542,meinung,kolumne,premium,2025-01-30
a_01543,international,afrika,metered,2025-03-14
a_01544,lifestyle,essen,metered,2026-01-30
a_01545,international,europa,free,2025-12-21
a_01546,international,europa,premium,2024-11-14
a_01547,technologie,ki,premium,2025-10-24
a_01548,sport,olympia,metered,2025-12-01
a_01549,wirtschaft,banken,free,2025-05-15
a_01550,politik,bundesrat,free,2026-01-28
a_01551,feuilleton,musik,metered,2026-01-12
a_01552,sport,fussball,metered,2025-11-17
a_01553,wirtschaft,immobilien,metered,2025-04-01
a_01554,feuilleton,musik,metered,2025-04-24
a_01555,lifestyle,gesundheit,metered,2025-09-29
a_01556,politik,usa_politics,metered,2025-01-02
a_01557,feuilleton,literatur,premium,2025-07-08
a_01558,international,asien,metered,2026-06-27
a_01559,feuilleton,kunst,premium,2025-11-25
a_01560,technologie,gadgets,metered,2026-04-06
a_01561,meinung,kolumne,free,2025-05-17
a_01562,lifestyle,familie,metered,2026-01-18
a_01563,technologie,gadgets,premium,2026-01-21
a_01564,meinung,gastkommentar,premium,2025-02-22
a_01565,international,afrika,metered,2025-03-15
a_01566,feuilleton,musik,free,2025-07-20
a_01567,feuilleton,musik,metered,2025-11-22
a_01568,meinung,leitartikel,free,2026-01-05
a_01569,technologie,cybersecurity,metered,2026-06-16
a_01570,technologie,climate_tech,premium,2025-01-01
a_01571,international,europa,metered,2025-11-24
a_01572,meinung,kolumne,premium,2026-06-05
a_01573,lifestyle,familie,metered,2025-02-11
a_01574,wirtschaft,immobilien,free,2026-06-03
a_01575,politik,bundesrat,free,2026-03-27
a_01576,lifestyle,reisen,premium,2025-01-31
a_01577,sport,eishockey,metered,2025-03-09
a_01578,feuilleton,kunst,metered,2025-02-28
a_01579,lifestyle,gesundheit,free,2024-12-26
a_01580,sport,fussball,metered,2025-06-09
a_01581,politik,eu,free,2025-07-26
a_01582,meinung,kolumne,metered,2025-08-01
a_01583,wirtschaft,unternehmen,premium,2026-03-21
a_01584,international,europa,metered,2025-07-26
a_01585,feuilleton,musik,premium,2025-02-25
a_01586,feuilleton,musik,premium,2025-12-23
a_01587,lifestyle,gesundheit,metered,2025-11-25
a_01588,politik,bundesrat,metered,2025-08-13
a_01589,technologie,ki,metered,2025-11-26
a_01590,international,afrika,free,2025-02-20
a_01591,politik,usa_politics,premium,2026-02-16
a_01592,international,afrika,premium,2025-04-08
a_01593,meinung,gastkommentar,metered,2024-11-30
a_01594,wirtschaft,banken,metered,2025-07-08
a_01595,lifestyle,essen,free,2025-03-26
a_01596,lifestyle,familie,free,2025-09-12
a_01597,international,afrika,metered,2025-08-09
a_01598,international,amerika,premium,2026-05-15
a_01599,meinung,kolumne,free,2025-07-11
a_01600,politik,usa_politics,premium,2024-12-29
a_01601,technologie,cybersecurity,metered,2025-09-08
a_01602,lifestyle,essen,metered,2026-03-04
a_01603,lifestyle,reisen,free,2025-04-11
a_01604,wirtschaft,makro,free,2025-05-08
a_01605,technologie,startups,metered,2025-02-18
a_01606,lifestyle,familie,metered,2026-01-16
a_01607,politik,abstimmungen,metered,2025-02-10
a_01608,politik,eu,metered,2025-04-06
a_01609,politik,bundesrat,free,2024-12-23
a_01610,technologie,climate_tech,metered,2025-06-22
a_01611,feuilleton,film,metered,2026-04-11
a_01612,lifestyle,reisen,metered,2025-07-28
a_01613,international,afrika,free,2025-01-11
a_01614,politik,nahost,premium,2026-01-30
a_01615,technologie,ki,free,2025-06-04
a_01616,lifestyle,gesundheit,premium,2025-02-09
a_01617,politik,eu,metered,2024-11-12
a_01618,politik,bundesrat,metered,2025-05-30
a_01619,lifestyle,essen,free,2025-02-04
a_01620,politik,usa_politics,metered,2025-09-17
a_01621,wirtschaft,unternehmen,metered,2025-07-21
a_01622,international,europa,free,2025-12-05
a_01623,technologie,gadgets,free,2025-04-16
a_01624,international,klima,metered,2024-12-17
a_01625,feuilleton,musik,metered,2025-01-09
a_01626,technologie,climate_tech,metered,2024-12-28
a_01627,meinung,gastkommentar,free,2025-04-12
a_01628,international,afrika,free,2026-01-11
a_01629,wirtschaft,boerse,metered,2025-09-29
a_01630,politik,abstimmungen,free,2025-06-11
a_01631,sport,tennis,free,2025-03-25
a_01632,meinung,gastkommentar,free,2025-02-09
a_01633,meinung,leitartikel,premium,2025-01-28
a_01634,lifestyle,familie,metered,2025-04-09
a_01635,technologie,gadgets,metered,2025-08-31
a_01636,international,afrika,metered,2025-10-30
a_01637,technologie,ki,metered,2026-05-28
a_01638,feuilleton,film,free,2026-06-02
a_01639,lifestyle,essen,metered,2025-04-09
a_01640,feuilleton,kunst,free,2026-01-19
a_01641,lifestyle,familie,premium,2025-01-19
a_01642,technologie,cybersecurity,metered,2026-02-27
a_01643,wirtschaft,unternehmen,premium,2026-05-19
a_01644,politik,nahost,premium,2025-11-05
a_01645,international,afrika,free,2025-09-23
a_01646,lifestyle,essen,metered,2025-06-14
a_01647,politik,bundesrat,metered,2026-04-21
a_01648,wirtschaft,banken,premium,2026-06-08
a_01649,sport,eishockey,premium,2026-01-04
a_01650,meinung,leitartikel,metered,2024-12-20
a_01651,sport,olympia,metered,2026-04-18
a_01652,wirtschaft,immobilien,metered,2026-03-06
a_01653,technologie,cybersecurity,premium,2025-06-06
a_01654,technologie,gadgets,metered,2025-04-06
a_01655,technologie,ki,metered,2026-02-10
a_01656,international,klima,premium,2025-11-04
a_01657,sport,tennis,free,2026-01-31
a_01658,meinung,gastkommentar,metered,2026-06-20
a_01659,feuilleton,theater,metered,2025-06-13
a_01660,international,europa,metered,2026-03-27
a_01661,sport,olympia,free,2025-08-12
a_01662,sport,fussball,free,2026-04-01
a_01663,technologie,gadgets,metered,2025-03-28
a_01664,feuilleton,film,metered,2026-03-15
a_01665,feuilleton,film,premium,2026-01-03
a_01666,lifestyle,familie,premium,2025-08-03
a_01667,politik,abstimmungen,metered,2026-05-12
a_01668,politik,nahost,metered,2025-06-27
a_01669,lifestyle,reisen,premium,2026-01-25
a_01670,feuilleton,literatur,free,2025-09-11
a_01671,lifestyle,essen,premium,2025-01-25
a_01672,technologie,cybersecurity,premium,2025-04-23
a_01673,wirtschaft,unternehmen,premium,2026-03-01
a_01674,wirtschaft,unternehmen,metered,2025-08-18
a_01675,international,amerika,free,2026-04-01
a_01676,international,amerika,metered,2025-01-16
a_01677,feuilleton,film,metered,2026-02-10
a_01678,sport,tennis,metered,2026-04-26
a_01679,lifestyle,essen,metered,2026-06-26
a_01680,wirtschaft,banken,metered,2026-01-21
a_01681,technologie,gadgets,metered,2025-08-14
a_01682,feuilleton,literatur,metered,2024-12-08
a_01683,international,asien,metered,2025-03-05
a_01684,feuilleton,literatur,free,2025-12-06
a_01685,sport,tennis,metered,2026-04-20
a_01686,technologie,gadgets,premium,2026-02-04
a_01687,technologie,startups,premium,2025-11-04
a_01688,politik,usa_politics,premium,2026-04-07
a_01689,politik,eu,metered,2025-05-06
a_01690,lifestyle,essen,premium,2025-05-19
a_01691,lifestyle,familie,metered,2024-12-24
a_01692,wirtschaft,makro,premium,2025-11-18
a_01693,technologie,ki,free,2025-02-20
a_01694,feuilleton,literatur,metered,2025-04-17
a_01695,sport,eishockey,free,2024-12-28
a_01696,technologie,ki,free,2026-03-31
a_01697,technologie,ki,metered,2025-03-06
a_01698,feuilleton,literatur,free,2026-04-16
a_01699,lifestyle,familie,metered,2025-03-21
a_01700,meinung,leitartikel,premium,2024-12-17
a_01701,lifestyle,reisen,metered,2026-06-17
a_01702,meinung,gastkommentar,metered,2025-04-23
a_01703,feuilleton,literatur,premium,2026-01-13
a_01704,feuilleton,film,metered,2025-01-02
a_01705,politik,nahost,premium,2025-02-22
a_01706,meinung,leitartikel,metered,2025-07-01
a_01707,meinung,leitartikel,free,2026-02-02
a_01708,international,afrika,metered,2024-11-04
a_01709,feuilleton,literatur,premium,2025-11-20
a_01710,politik,abstimmungen,free,2026-02-19
a_01711,international,asien,metered,2025-01-01
a_01712,meinung,leitartikel,metered,2025-07-20
a_01713,politik,abstimmungen,premium,2026-05-29
a_01714,feuilleton,film,premium,2025-09-21
a_01715,international,afrika,metered,2026-01-30
a_01716,lifestyle,reisen,metered,2026-01-25
a_01717,meinung,kolumne,metered,2025-07-09
a_01718,politik,bundesrat,premium,2026-01-07
a_01719,technologie,ki,free,2026-05-30
a_01720,politik,usa_politics,metered,2025-05-10
a_01721,sport,tennis,metered,2024-11-30
a_01722,sport,tennis,free,2026-02-19
a_01723,lifestyle,essen,metered,2025-05-10
a_01724,technologie,ki,premium,2025-11-24
a_01725,sport,olympia,metered,2025-02-05
a_01726,politik,usa_politics,metered,2025-03-13
a_01727,politik,eu,metered,2026-02-03
a_01728,lifestyle,reisen,metered,2024-11-18
a_01729,technologie,climate_tech,metered,2025-08-29
a_01730,feuilleton,kunst,premium,2026-02-02
a_01731,lifestyle,reisen,free,2025-08-13
a_01732,international,europa,premium,2025-02-09
a_01733,politik,nahost,premium,2025-11-21
a_01734,international,europa,metered,2025-01-08
a_01735,wirtschaft,banken,metered,2025-10-19
a_01736,lifestyle,gesundheit,premium,2025-07-14
a_01737,meinung,leitartikel,free,2025-09-26
a_01738,technologie,ki,metered,2026-05-14
a_01739,politik,usa_politics,metered,2026-04-22
a_01740,meinung,leitartikel,metered,2026-01-10
a_01741,international,klima,metered,2025-08-28
a_01742,lifestyle,essen,metered,2026-02-28
a_01743,lifestyle,gesundheit,free,2024-12-31
a_01744,wirtschaft,unternehmen,metered,2025-04-13
a_01745,feuilleton,musik,premium,2025-08-09
a_01746,lifestyle,essen,metered,2026-03-22
a_01747,sport,fussball,metered,2025-06-23
a_01748,meinung,leitartikel,premium,2025-07-11
a_01749,wirtschaft,banken,premium,2026-06-01
a_01750,lifestyle,essen,metered,2026-06-18
a_01751,sport,olympia,metered,2024-11-23
a_01752,sport,tennis,metered,2025-10-12
a_01753,international,klima,metered,2025-12-26
a_01754,technologie,cybersecurity,premium,2025-11-03
a_01755,sport,olympia,metered,2026-06-11
a_01756,feuilleton,film,metered,2026-05-10
a_01757,meinung,gastkommentar,premium,2025-04-02
a_01758,sport,tennis,metered,2026-05-30
a_01759,wirtschaft,boerse,free,2025-07-14
a_01760,feuilleton,theater,free,2024-11-11
a_01761,feuilleton,film,metered,2025-06-07
a_01762,technologie,climate_tech,metered,2025-03-22
a_01763,meinung,gastkommentar,free,2026-05-16
a_01764,wirtschaft,banken,metered,2025-11-08
a_01765,wirtschaft,immobilien,metered,2025-05-07
a_01766,international,afrika,metered,2024-11-03
a_01767,international,klima,free,2025-06-12
a_01768,lifestyle,essen,metered,2025-05-12
a_01769,technologie,startups,metered,2025-07-31
a_01770,lifestyle,familie,metered,2025-02-28
a_01771,technologie,startups,premium,2025-09-22
a_01772,international,afrika,free,2025-09-14
a_01773,international,europa,metered,2026-01-13
a_01774,sport,eishockey,free,2025-10-29
a_01775,wirtschaft,banken,free,2026-01-15
a_01776,international,asien,metered,2025-02-23
a_01777,lifestyle,familie,metered,2025-01-23
a_01778,sport,eishockey,metered,2025-09-22
a_01779,international,amerika,premium,2026-06-25
a_01780,politik,eu,premium,2025-06-29
a_01781,lifestyle,familie,free,2026-01-17
a_01782,politik,usa_politics,metered,2026-06-25
a_01783,politik,abstimmungen,metered,2024-12-28
a_01784,politik,eu,metered,2024-12-10
a_01785,politik,usa_politics,metered,2025-12-07
a_01786,wirtschaft,boerse,premium,2026-03-26
a_01787,feuilleton,literatur,metered,2025-12-12
a_01788,feuilleton,kunst,premium,2026-06-30
a_01789,sport,tennis,metered,2024-11-23
a_01790,international,europa,premium,2025-09-25
a_01791,meinung,kolumne,metered,2026-01-04
a_01792,wirtschaft,boerse,free,2025-12-19
a_01793,wirtschaft,makro,metered,2024-11-21
a_01794,international,amerika,metered,2025-01-17
a_01795,feuilleton,literatur,free,2026-06-28
a_01796,lifestyle,essen,metered,2025-06-01
a_01797,lifestyle,familie,premium,2025-02-20
a_01798,lifestyle,reisen,premium,2025-02-19
a_01799,wirtschaft,immobilien,metered,2025-02-13
a_01800,lifestyle,reisen,metered,2025-10-21
a_01801,lifestyle,familie,premium,2025-09-02
a_01802,international,amerika,premium,2026-05-26
a_01803,technologie,gadgets,free,2025-08-17
a_01804,politik,nahost,free,2024-11-18
a_01805,sport,fussball,free,2025-09-18
a_01806,sport,tennis,metered,2025-08-28
a_01807,sport,fussball,premium,2025-05-18
a_01808,feuilleton,musik,free,2026-01-14
a_01809,lifestyle,gesundheit,metered,2026-05-26
a_01810,feuilleton,kunst,free,2025-07-20
a_01811,sport,ski,free,2026-01-15
a_01812,sport,fussball,metered,2025-09-24
a_01813,technologie,climate_tech,metered,2026-01-15
a_01814,sport,fussball,metered,2025-08-02
a_01815,international,europa,metered,2025-04-07
a_01816,international,asien,metered,2025-10-29
a_01817,sport,ski,premium,2025-06-27
a_01818,feuilleton,theater,premium,2024-12-12
a_01819,lifestyle,essen,metered,2026-01-24
a_01820,international,asien,premium,2025-09-28
a_01821,international,asien,metered,2025-11-05
a_01822,wirtschaft,banken,free,2025-09-07
a_01823,politik,abstimmungen,metered,2026-04-22
a_01824,technologie,gadgets,premium,2025-02-19
a_01825,feuilleton,musik,metered,2024-12-19
a_01826,feuilleton,musik,premium,2025-09-21
a_01827,politik,nahost,metered,2026-04-13
a_01828,international,afrika,premium,2025-08-09
a_01829,politik,usa_politics,premium,2025-07-13
a_01830,technologie,cybersecurity,premium,2025-10-27
a_01831,international,klima,premium,2025-05-27
a_01832,politik,nahost,metered,2025-10-09
a_01833,meinung,leitartikel,metered,2026-06-09
a_01834,international,asien,metered,2025-07-04
a_01835,sport,eishockey,premium,2025-08-21
a_01836,feuilleton,film,metered,2026-02-18
a_01837,technologie,startups,free,2025-12-14
a_01838,international,klima,metered,2025-06-05
a_01839,meinung,gastkommentar,free,2025-09-15
a_01840,politik,nahost,metered,2025-08-16
a_01841,technologie,gadgets,free,2025-06-30
a_01842,wirtschaft,unternehmen,premium,2025-07-17
a_01843,international,afrika,metered,2024-11-10
a_01844,feuilleton,kunst,premium,2025-08-22
a_01845,technologie,cybersecurity,free,2025-05-10
a_01846,technologie,climate_tech,metered,2026-03-01
a_01847,sport,ski,premium,2025-11-18
a_01848,lifestyle,reisen,metered,2026-01-05
a_01849,international,afrika,free,2025-04-11
a_01850,technologie,climate_tech,premium,2024-11-26
a_01851,lifestyle,familie,free,2025-06-22
a_01852,politik,usa_politics,metered,2025-08-28
a_01853,wirtschaft,unternehmen,metered,2025-07-21
a_01854,sport,ski,metered,2025-01-15
a_01855,wirtschaft,boerse,metered,2025-03-03
a_01856,sport,ski,free,2026-01-17
a_01857,politik,bundesrat,metered,2026-05-03
a_01858,feuilleton,musik,metered,2026-06-22
a_01859,politik,eu,metered,2025-09-04
a_01860,sport,tennis,free,2025-11-11
a_01861,sport,olympia,metered,2025-11-04
a_01862,sport,olympia,premium,2025-06-19
a_01863,international,europa,premium,2025-05-19
a_01864,meinung,gastkommentar,premium,2024-12-14
a_01865,wirtschaft,makro,metered,2024-11-23
a_01866,technologie,gadgets,metered,2025-05-21
a_01867,international,klima,premium,2025-06-12
a_01868,wirtschaft,banken,free,2025-09-15
a_01869,politik,nahost,metered,2026-06-13
a_01870,international,afrika,metered,2026-04-19
a_01871,wirtschaft,makro,metered,2025-02-27
a_01872,lifestyle,familie,premium,2025-09-08
a_01873,sport,eishockey,metered,2025-10-04
a_01874,lifestyle,essen,metered,2026-06-21
a_01875,technologie,climate_tech,metered,2025-07-04
a_01876,lifestyle,reisen,premium,2025-06-13
a_01877,lifestyle,reisen,metered,2026-02-05
a_01878,meinung,gastkommentar,metered,2024-11-01
a_01879,wirtschaft,immobilien,premium,2024-12-29
a_01880,international,asien,premium,2025-11-17
a_01881,wirtschaft,immobilien,metered,2025-05-21
a_01882,feuilleton,literatur,free,2025-03-14
a_01883,feuilleton,literatur,premium,2026-03-17
a_01884,sport,fussball,premium,2025-03-28
a_01885,wirtschaft,unternehmen,free,2024-11-16
a_01886,lifestyle,essen,free,2024-11-11
a_01887,sport,olympia,free,2026-05-06
a_01888,lifestyle,gesundheit,metered,2025-09-19
a_01889,politik,abstimmungen,metered,2024-11-09
a_01890,sport,fussball,metered,2025-03-31
a_01891,meinung,leitartikel,premium,2025-05-19
a_01892,lifestyle,gesundheit,metered,2026-06-27
a_01893,technologie,gadgets,premium,2025-09-24
a_01894,technologie,climate_tech,metered,2026-03-23
a_01895,lifestyle,reisen,metered,2025-07-31
a_01896,sport,tennis,premium,2026-01-12
a_01897,international,europa,free,2024-11-23
a_01898,international,amerika,free,2025-06-03
a_01899,international,europa,metered,2025-08-07
a_01900,meinung,leitartikel,metered,2024-12-14
a_01901,politik,eu,metered,2025-04-11
a_01902,lifestyle,essen,premium,2025-12-12
a_01903,sport,fussball,premium,2025-12-21
a_01904,lifestyle,gesundheit,free,2024-11-14
a_01905,politik,eu,free,2025-04-10
a_01906,politik,nahost,metered,2025-07-27
a_01907,feuilleton,musik,premium,2025-04-15
a_01908,lifestyle,familie,metered,2024-12-03
a_01909,politik,bundesrat,metered,2024-11-24
a_01910,wirtschaft,immobilien,metered,2025-10-06
a_01911,sport,olympia,premium,2025-06-11
a_01912,lifestyle,reisen,free,2025-10-06
a_01913,wirtschaft,banken,metered,2026-01-03
a_01914,lifestyle,gesundheit,free,2025-09-19
a_01915,sport,fussball,metered,2025-10-04
a_01916,technologie,climate_tech,metered,2026-01-08
a_01917,technologie,climate_tech,metered,2025-02-19
a_01918,international,klima,free,2025-03-19
a_01919,politik,usa_politics,free,2026-01-15
a_01920,meinung,gastkommentar,free,2025-03-27
a_01921,sport,olympia,premium,2026-04-15
a_01922,feuilleton,film,metered,2025-07-11
a_01923,technologie,ki,free,2024-12-19
a_01924,meinung,gastkommentar,metered,2026-01-01
a_01925,sport,tennis,metered,2025-07-17
a_01926,technologie,ki,free,2025-01-10
a_01927,meinung,kolumne,premium,2025-03-10
a_01928,feuilleton,literatur,metered,2026-04-22
a_01929,feuilleton,kunst,metered,2025-08-07
a_01930,feuilleton,musik,metered,2025-04-03
a_01931,feuilleton,literatur,premium,2025-09-26
a_01932,sport,fussball,metered,2025-01-17
a_01933,wirtschaft,unternehmen,free,2025-06-26
a_01934,international,asien,free,2025-10-30
a_01935,meinung,leitartikel,metered,2026-06-04
a_01936,technologie,ki,free,2025-04-17
a_01937,meinung,kolumne,metered,2026-03-17
a_01938,international,europa,premium,2025-07-07
a_01939,lifestyle,reisen,metered,2026-04-26
a_01940,sport,ski,metered,2024-12-08
a_01941,feuilleton,musik,metered,2025-01-22
a_01942,international,amerika,free,2025-08-10
a_01943,meinung,gastkommentar,free,2026-02-22
a_01944,lifestyle,essen,free,2025-05-04
a_01945,wirtschaft,boerse,metered,2025-01-12
a_01946,feuilleton,kunst,premium,2025-02-12
a_01947,feuilleton,theater,metered,2025-04-25
a_01948,sport,eishockey,free,2025-06-23
a_01949,meinung,leitartikel,free,2025-10-15
a_01950,international,europa,premium,2026-02-11
a_01951,politik,bundesrat,free,2025-01-17
a_01952,international,klima,metered,2026-02-07
a_01953,lifestyle,essen,premium,2026-06-23
a_01954,sport,fussball,metered,2025-06-07
a_01955,feuilleton,film,metered,2025-03-05
a_01956,lifestyle,familie,metered,2026-06-15
a_01957,wirtschaft,immobilien,metered,2026-05-08
a_01958,international,klima,metered,2025-01-16
a_01959,international,amerika,free,2026-03-28
a_01960,feuilleton,theater,premium,2026-04-03
a_01961,meinung,leitartikel,metered,2025-05-04
a_01962,meinung,kolumne,free,2026-06-18
a_01963,lifestyle,essen,metered,2025-02-24
a_01964,lifestyle,familie,metered,2025-10-14
a_01965,international,europa,premium,2026-01-01
a_01966,politik,bundesrat,free,2024-12-07
a_01967,lifestyle,reisen,metered,2026-05-13
a_01968,lifestyle,familie,premium,2026-05-14
a_01969,technologie,climate_tech,metered,2025-06-17
a_01970,wirtschaft,boerse,metered,2025-07-24
a_01971,technologie,startups,premium,2025-06-13
a_01972,sport,tennis,metered,2025-02-13
a_01973,feuilleton,theater,metered,2026-04-21
a_01974,sport,tennis,metered,2026-04-26
a_01975,sport,eishockey,metered,2025-10-15
a_01976,technologie,gadgets,premium,2025-07-18
a_01977,wirtschaft,immobilien,metered,2025-12-17
a_01978,wirtschaft,makro,metered,2025-08-31
a_01979,feuilleton,literatur,premium,2026-02-01
a_01980,sport,ski,metered,2025-10-13
a_01981,international,klima,metered,2025-02-14
a_01982,feuilleton,literatur,metered,2026-05-05
a_01983,international,amerika,metered,2025-07-18
a_01984,politik,usa_politics,metered,2025-09-02
a_01985,meinung,kolumne,free,2025-12-08
a_01986,lifestyle,familie,metered,2026-04-24
a_01987,feuilleton,theater,metered,2025-07-13
a_01988,wirtschaft,boerse,premium,2025-02-12
a_01989,meinung,kolumne,free,2025-01-04
a_01990,wirtschaft,makro,premium,2025-11-10
a_01991,politik,usa_politics,free,2025-07-13
a_01992,politik,eu,metered,2025-09-15
a_01993,sport,tennis,metered,2026-03-30
a_01994,meinung,leitartikel,metered,2025-05-17
a_01995,politik,abstimmungen,premium,2025-11-28
a_01996,feuilleton,literatur,metered,2025-03-10
a_01997,lifestyle,familie,free,2025-12-28
a_01998,meinung,gastkommentar,metered,2024-12-13
a_01999,meinung,leitartikel,metered,2025-03-06
a_02000,technologie,ki,metered,2025-04-08
